variable,model,source,mean_value
WT,model_1,Norm,7.302874041264136
WT,model_10,Norm,7.906542601729564
WT,model_100,Norm,12.363387270642127
WT,model_101,Norm,12.770605811238923
WT,model_102,Norm,13.866182302531
WT,model_103,Norm,13.125631389200322
WT,model_104,Norm,13.090292816964984
WT,model_105,Norm,13.594922786842158
WT,model_106,Norm,11.950585961212381
WT,model_107,Norm,12.049441384308366
WT,model_108,Norm,13.85191547890307
WT,model_109,Norm,14.482561517535174
WT,model_11,Norm,10.977034350289214
WT,model_110,Norm,15.200105453212574
WT,model_111,Norm,15.063569366811842
WT,model_112,Norm,14.149156837834296
WT,model_113,Norm,15.221245141016368
WT,model_114,Norm,15.803155409385383
WT,model_115,Norm,16.247733158953018
WT,model_116,Norm,15.038491419806592
WT,model_117,Norm,16.899597314078434
WT,model_118,Norm,15.16147642337286
WT,model_119,Norm,14.970115397016066
WT,model_12,Norm,10.571159437411449
WT,model_120,Norm,16.633790072545583
WT,model_121,Norm,15.58660874949898
WT,model_122,Norm,13.488390227995918
WT,model_123,Norm,15.906578769167574
WT,model_124,Norm,18.102431772253414
WT,model_125,Norm,17.14350905231613
WT,model_126,Norm,14.20241856794517
WT,model_127,Norm,14.395660945984174
WT,model_128,Norm,15.054391410201255
WT,model_129,Norm,18.623950515063445
WT,model_13,Norm,8.998502622272174
WT,model_130,Norm,15.918166349241853
WT,model_131,Norm,16.562397734140323
WT,model_132,Norm,18.803909779890404
WT,model_133,Norm,13.426051360187909
WT,model_134,Norm,15.979874778582786
WT,model_135,Norm,15.992738817105327
WT,model_136,Norm,15.538627886494812
WT,model_137,Norm,15.17008715741882
WT,model_138,Norm,15.796056573620264
WT,model_139,Norm,16.0331356574715
WT,model_14,Norm,9.515112572781275
WT,model_140,Norm,15.757160920247381
WT,model_141,Norm,16.823362407568332
WT,model_142,Norm,15.464685248163946
WT,model_143,Norm,15.80876949044365
WT,model_144,Norm,15.696725495804408
WT,model_145,Norm,14.974362433711176
WT,model_146,Norm,15.391717903029903
WT,model_147,Norm,19.283656156080923
WT,model_148,Norm,19.996072920856758
WT,model_149,Norm,14.99104774053893
WT,model_15,Norm,10.780052416679016
WT,model_150,Norm,24.345721923482106
WT,model_151,Norm,23.551091292690703
WT,model_152,Norm,24.49351779576097
WT,model_153,Norm,21.89626588178295
WT,model_154,Norm,22.590879373947086
WT,model_155,Norm,21.631803075255377
WT,model_156,Norm,22.262846173319485
WT,model_157,Norm,21.786266697363875
WT,model_158,Norm,21.417661425557572
WT,model_159,Norm,21.630106264519405
WT,model_16,Norm,12.046585878943391
WT,model_160,Norm,24.595150988213938
WT,model_161,Norm,20.968032050561998
WT,model_162,Norm,20.144392760198873
WT,model_163,Norm,14.73786245908407
WT,model_164,Norm,14.605862636860612
WT,model_165,Norm,15.135500645558878
WT,model_166,Norm,15.789754109465527
WT,model_167,Norm,15.489321718545177
WT,model_168,Norm,15.931030032446468
WT,model_169,Norm,15.671044600554374
WT,model_17,Norm,10.961093160819347
WT,model_170,Norm,16.165681795956306
WT,model_171,Norm,15.89955380943392
WT,model_172,Norm,16.051794893507648
WT,model_173,Norm,15.617890875346962
WT,model_174,Norm,15.555946400797666
WT,model_175,Norm,17.59828073060139
WT,model_176,Norm,18.030452336437733
WT,model_177,Norm,14.917868783703444
WT,model_178,Norm,15.929636941925942
WT,model_179,Norm,18.909867922292392
WT,model_18,Norm,11.177430256977544
WT,model_180,Norm,18.069831625276613
WT,model_181,Norm,20.30268373513539
WT,model_182,Norm,20.699633762511823
WT,model_183,Norm,21.383744444217037
WT,model_184,Norm,13.63235299882866
WT,model_185,Norm,12.779316017352688
WT,model_186,Norm,16.263700297379
WT,model_187,Norm,14.93736539735036
WT,model_188,Norm,14.285817159712828
WT,model_189,Norm,15.530211321911196
WT,model_19,Norm,11.777359691477656
WT,model_190,Norm,15.701626351792065
WT,model_191,Norm,17.222369356327313
WT,model_192,Norm,18.222804001536623
WT,model_193,Norm,10.124743084796485
WT,model_194,Norm,10.210661599752811
WT,model_195,Norm,9.906279412776179
WT,model_196,Norm,11.96391578044662
WT,model_197,Norm,12.127227761585644
WT,model_198,Norm,12.282931513119486
WT,model_199,Norm,9.135152616087035
WT,model_2,Norm,11.837716019397737
WT,model_20,Norm,10.514129391594727
WT,model_200,Norm,12.051910498742751
WT,model_201,Norm,14.106804403443212
WT,model_202,Norm,11.84101125165104
WT,model_203,Norm,10.793635608993696
WT,model_204,Norm,12.067469762360277
WT,model_205,Norm,11.736633240545327
WT,model_206,Norm,11.097143070512068
WT,model_207,Norm,13.027994130565151
WT,model_208,Norm,11.983421923708338
WT,model_209,Norm,12.199158617247859
WT,model_21,Norm,11.42439243348263
WT,model_210,Norm,15.69295991580548
WT,model_211,Norm,12.800490731564134
WT,model_212,Norm,12.260379601179604
WT,model_213,Norm,12.842126118908398
WT,model_214,Norm,13.825096683752145
WT,model_215,Norm,13.737385328590165
WT,model_216,Norm,12.204149361540221
WT,model_217,Norm,13.441241834523447
WT,model_218,Norm,14.109643847686202
WT,model_219,Norm,14.526513099566086
WT,model_22,Norm,11.580057524622646
WT,model_220,Norm,13.60025787258253
WT,model_221,Norm,14.423094237773533
WT,model_222,Norm,15.512277797829444
WT,model_223,Norm,16.490286131660742
WT,model_224,Norm,8.95763953582395
WT,model_225,Norm,9.057557584682806
WT,model_226,Norm,9.052456057625665
WT,model_227,Norm,8.213058479897583
WT,model_228,Norm,10.030827106605772
WT,model_229,Norm,12.634809415791423
WT,model_23,Norm,11.661154713674406
WT,model_230,Norm,9.322341990277332
WT,model_231,Norm,10.62518316121476
WT,model_232,Norm,9.762825267382912
WT,model_233,Norm,11.593956649445428
WT,model_234,Norm,10.905118144981428
WT,model_235,Norm,11.477215486851973
WT,model_236,Norm,12.0071599283068
WT,model_237,Norm,12.444585941875584
WT,model_238,Norm,13.098034626906088
WT,model_239,Norm,12.553074759493418
WT,model_24,Norm,11.892009133281327
WT,model_240,Norm,10.509509318403225
WT,model_241,Norm,11.591581816802785
WT,model_242,Norm,8.851537361027802
WT,model_243,Norm,9.770661223811596
WT,model_244,Norm,9.558604459432948
WT,model_245,Norm,10.070756331465777
WT,model_246,Norm,10.31040216808867
WT,model_247,Norm,9.29669466443588
WT,model_248,Norm,9.793437077046603
WT,model_249,Norm,10.071325171419268
WT,model_25,Norm,10.854533357872967
WT,model_250,Norm,9.824450594359822
WT,model_251,Norm,9.488965231781775
WT,model_252,Norm,9.625373216510907
WT,model_253,Norm,9.234222456207009
WT,model_254,Norm,9.272028122793552
WT,model_255,Norm,9.429758849560258
WT,model_256,Norm,9.33945750927888
WT,model_257,Norm,9.915890749290755
WT,model_258,Norm,9.862392218012674
WT,model_259,Norm,11.096546700306822
WT,model_26,Norm,10.71562289447143
WT,model_260,Norm,10.133805208163215
WT,model_261,Norm,11.98015302365982
WT,model_262,Norm,11.369994462858209
WT,model_263,Norm,11.547912691656098
WT,model_264,Norm,11.541807684064189
WT,model_265,Norm,12.002896023077975
WT,model_266,Norm,12.03815123532633
WT,model_267,Norm,12.195354208765862
WT,model_268,Norm,11.90948793663663
WT,model_269,Norm,10.551155562314523
WT,model_27,Norm,12.588259293629184
WT,model_270,Norm,12.423293676250442
WT,model_271,Norm,13.269800832601932
WT,model_272,Norm,12.808616643485689
WT,model_273,Norm,13.514506927666545
WT,model_274,Norm,14.038326471951088
WT,model_275,Norm,14.665116363254572
WT,model_276,Norm,12.492930714497266
WT,model_277,Norm,12.144186932495769
WT,model_278,Norm,12.380533416151112
WT,model_279,Norm,12.663798901751111
WT,model_28,Norm,10.308731510761415
WT,model_280,Norm,12.91921040644279
WT,model_281,Norm,12.997543933895676
WT,model_282,Norm,12.0172243664711
WT,model_283,Norm,14.646878640573357
WT,model_284,Norm,11.479783781835714
WT,model_285,Norm,12.608943764794592
WT,model_286,Norm,11.97315186031731
WT,model_287,Norm,12.67265155319546
WT,model_288,Norm,12.165587401382155
WT,model_289,Norm,11.572410769123355
WT,model_29,Norm,10.083306424700258
WT,model_290,Norm,12.620644830310987
WT,model_291,Norm,12.196603919485222
WT,model_292,Norm,12.339153529454274
WT,model_293,Norm,12.436708762942546
WT,model_294,Norm,13.140487486257378
WT,model_295,Norm,13.054016694308071
WT,model_296,Norm,12.211344091037951
WT,model_297,Norm,12.693124713073642
WT,model_298,Norm,12.84305985334916
WT,model_299,Norm,13.098891240504601
WT,model_3,Norm,12.204919085733605
WT,model_30,Norm,11.349091927376813
WT,model_300,Norm,13.197429574962056
WT,model_301,Norm,13.45904550461656
WT,model_302,Norm,13.500906756408485
WT,model_303,Norm,13.476811465261125
WT,model_304,Norm,9.32301888162085
WT,model_305,Norm,10.193814726929073
WT,model_306,Norm,10.296535933645279
WT,model_307,Norm,10.722278792596834
WT,model_308,Norm,10.66423044750159
WT,model_309,Norm,9.705554939945365
WT,model_31,Norm,12.53320231433279
WT,model_310,Norm,8.892511928975349
WT,model_311,Norm,8.540637756834414
WT,model_312,Norm,9.306504176009941
WT,model_313,Norm,9.237963962183676
WT,model_314,Norm,9.965764281060338
WT,model_315,Norm,9.760259391529372
WT,model_316,Norm,10.025499879551862
WT,model_317,Norm,10.749833328118484
WT,model_318,Norm,10.782674789356372
WT,model_319,Norm,10.990763187720994
WT,model_32,Norm,12.183483632378962
WT,model_320,Norm,10.788203510446811
WT,model_321,Norm,10.425599412821704
WT,model_322,Norm,10.696847851924623
WT,model_323,Norm,10.741856870699795
WT,model_324,Norm,10.829060972898368
WT,model_325,Norm,10.907892878907601
WT,model_326,Norm,10.527697255080216
WT,model_327,Norm,10.828148701033772
WT,model_328,Norm,10.806814927813663
WT,model_329,Norm,10.717066830372854
WT,model_33,Norm,10.722197125793576
WT,model_330,Norm,9.404631355305767
WT,model_331,Norm,9.821897389801784
WT,model_332,Norm,10.798756066981067
WT,model_333,Norm,11.55610017953778
WT,model_334,Norm,10.036593102901518
WT,model_335,Norm,10.43223096501984
WT,model_336,Norm,8.430779617397187
WT,model_337,Norm,10.001983137143899
WT,model_338,Norm,11.40686447843828
WT,model_339,Norm,11.489547048350566
WT,model_34,Norm,11.424262196030531
WT,model_340,Norm,8.759363437283183
WT,model_341,Norm,9.02802339755721
WT,model_342,Norm,8.70947279503359
WT,model_343,Norm,10.039956861173984
WT,model_344,Norm,13.15987654998296
WT,model_345,Norm,12.523117795121587
WT,model_346,Norm,4.927175741008558
WT,model_347,Norm,6.520127321531619
WT,model_348,Norm,10.466936826870294
WT,model_349,Norm,9.130960762645907
WT,model_35,Norm,12.561085374795763
WT,model_350,Norm,9.922744593496336
WT,model_351,Norm,12.162938767009527
WT,model_352,Norm,11.852358086192982
WT,model_353,Norm,12.281078454799973
WT,model_354,Norm,12.22550225472296
WT,model_355,Norm,13.128571177837959
WT,model_356,Norm,13.751838796321652
WT,model_357,Norm,13.889375096116849
WT,model_358,Norm,15.132133130620208
WT,model_359,Norm,13.496042563045403
WT,model_36,Norm,12.19263829695487
WT,model_360,Norm,13.741749838123752
WT,model_361,Norm,14.035146419268107
WT,model_362,Norm,13.620204905835642
WT,model_363,Norm,15.156560322520837
WT,model_364,Norm,15.300908484938216
WT,model_365,Norm,15.273730893329606
WT,model_366,Norm,14.215377260682462
WT,model_367,Norm,14.778182425835858
WT,model_368,Norm,14.987627649732815
WT,model_369,Norm,15.191750497199754
WT,model_37,Norm,12.299172790370031
WT,model_370,Norm,15.136646090914878
WT,model_371,Norm,16.46165613566769
WT,model_372,Norm,16.383914528582686
WT,model_373,Norm,16.447200966517997
WT,model_374,Norm,16.04798964494088
WT,model_375,Norm,16.499576245388475
WT,model_376,Norm,16.000301987539284
WT,model_377,Norm,15.951855097030347
WT,model_378,Norm,15.727750669121814
WT,model_379,Norm,15.618617580345735
WT,model_38,Norm,12.659737152542013
WT,model_380,Norm,16.213271252145567
WT,model_381,Norm,15.809674854190899
WT,model_382,Norm,15.61946815343389
WT,model_383,Norm,14.785943891465697
WT,model_384,Norm,14.555516048152086
WT,model_385,Norm,10.791827127224007
WT,model_386,Norm,12.350400266143334
WT,model_387,Norm,15.148117585413667
WT,model_388,Norm,14.837446247786579
WT,model_389,Norm,15.824239435816438
WT,model_39,Norm,10.068235608957725
WT,model_390,Norm,15.566558997506089
WT,model_391,Norm,14.748042489485618
WT,model_392,Norm,10.562795986122499
WT,model_393,Norm,16.3639929065267
WT,model_394,Norm,11.830433780819284
WT,model_395,Norm,11.83498846030676
WT,model_396,Norm,12.488862020669266
WT,model_397,Norm,7.462745975695862
WT,model_398,Norm,9.377622022930693
WT,model_399,Norm,10.739208036561362
WT,model_4,Norm,11.670022067235706
WT,model_40,Norm,11.682243973751286
WT,model_400,Norm,13.132836739130095
WT,model_401,Norm,11.476072553478124
WT,model_402,Norm,12.504251093719422
WT,model_403,Norm,11.085125290830351
WT,model_404,Norm,13.686416005644682
WT,model_405,Norm,14.007221389530974
WT,model_406,Norm,14.104965988874472
WT,model_407,Norm,14.251218751669288
WT,model_408,Norm,14.500808074953818
WT,model_409,Norm,12.924482581745645
WT,model_41,Norm,13.193268867564635
WT,model_410,Norm,15.188102751485332
WT,model_411,Norm,15.252453712898271
WT,model_412,Norm,14.239452614975882
WT,model_413,Norm,14.483938543950867
WT,model_414,Norm,15.364355924685489
WT,model_415,Norm,15.219565402539068
WT,model_416,Norm,15.501298046543939
WT,model_417,Norm,16.100655048374783
WT,model_418,Norm,15.541174066148209
WT,model_419,Norm,16.368874621176378
WT,model_42,Norm,12.328058342216233
WT,model_420,Norm,15.51400871973214
WT,model_421,Norm,17.86687115703392
WT,model_422,Norm,16.15891513714831
WT,model_423,Norm,15.013376768866406
WT,model_424,Norm,15.031231537238845
WT,model_425,Norm,15.46163471126044
WT,model_426,Norm,15.22594895440118
WT,model_427,Norm,15.668193572949694
WT,model_428,Norm,16.35719591549071
WT,model_429,Norm,15.372327787241588
WT,model_43,Norm,11.337758319741942
WT,model_430,Norm,16.48940187511242
WT,model_431,Norm,16.455393505826304
WT,model_432,Norm,16.476152044347206
WT,model_433,Norm,16.54436072406075
WT,model_434,Norm,16.44848493157898
WT,model_435,Norm,16.627005256030397
WT,model_436,Norm,16.15079921877765
WT,model_437,Norm,16.506062782360367
WT,model_438,Norm,15.466966987706181
WT,model_439,Norm,17.151856410744756
WT,model_44,Norm,11.62852250219837
WT,model_440,Norm,19.055402851111538
WT,model_441,Norm,17.30145718957451
WT,model_442,Norm,17.906669815861793
WT,model_443,Norm,17.9709930043003
WT,model_444,Norm,18.31161534335726
WT,model_445,Norm,18.46638495233601
WT,model_446,Norm,17.224664347578774
WT,model_447,Norm,17.482954191185893
WT,model_448,Norm,17.181917005523005
WT,model_449,Norm,17.155824763205892
WT,model_45,Norm,11.113891999308809
WT,model_450,Norm,17.024773095111172
WT,model_451,Norm,16.63609974496849
WT,model_452,Norm,16.97597609598064
WT,model_453,Norm,19.763338497204668
WT,model_454,Norm,19.620929464540392
WT,model_455,Norm,19.38510319493288
WT,model_456,Norm,19.16493956388166
WT,model_457,Norm,19.540275055746353
WT,model_458,Norm,19.55211360305027
WT,model_459,Norm,20.22167314235726
WT,model_46,Norm,13.156389117874607
WT,model_460,Norm,20.052892804794155
WT,model_461,Norm,19.823537402712073
WT,model_462,Norm,19.96255902466055
WT,model_463,Norm,19.592518602279547
WT,model_464,Norm,18.83226098601956
WT,model_465,Norm,16.20871768109921
WT,model_466,Norm,17.835525335502666
WT,model_467,Norm,15.697557432540709
WT,model_468,Norm,17.77046498303425
WT,model_469,Norm,17.488166178644157
WT,model_47,Norm,13.261752553478177
WT,model_470,Norm,21.47574196128745
WT,model_471,Norm,19.29145710309347
WT,model_472,Norm,20.545293463682203
WT,model_473,Norm,21.11365127656671
WT,model_474,Norm,19.398379875649972
WT,model_475,Norm,18.861135547201506
WT,model_476,Norm,19.62331050009853
WT,model_477,Norm,21.135778053126312
WT,model_478,Norm,21.183850696549243
WT,model_479,Norm,19.86573209921857
WT,model_48,Norm,9.866895511238976
WT,model_480,Norm,20.183455974855274
WT,model_481,Norm,21.323600461025464
WT,model_482,Norm,21.5570911283575
WT,model_483,Norm,20.404667430743515
WT,model_484,Norm,22.454029197663107
WT,model_485,Norm,21.68751909908623
WT,model_486,Norm,21.48825691056029
WT,model_487,Norm,23.587705569037883
WT,model_488,Norm,23.847614589776832
WT,model_489,Norm,23.374217650975293
WT,model_49,Norm,9.86193811826695
WT,model_490,Norm,21.035918880064973
WT,model_491,Norm,11.255666882881206
WT,model_492,Norm,16.443062561932493
WT,model_493,Norm,2.271183515797603
WT,model_494,Norm,3.3373818469694436
WT,model_495,Norm,5.269760607459041
WT,model_496,Norm,7.06375585745267
WT,model_497,Norm,8.258466492624157
WT,model_498,Norm,5.35401130527729
WT,model_499,Norm,4.657239624493951
WT,model_5,Norm,11.618379497746329
WT,model_50,Norm,10.618943701351592
WT,model_500,Norm,6.665817974452887
WT,model_501,Norm,7.652420548121305
WT,model_502,Norm,10.058439445489329
WT,model_503,Norm,9.795765964251999
WT,model_504,Norm,5.790631260390973
WT,model_505,Norm,6.149007407821714
WT,model_506,Norm,7.3604151658505845
WT,model_507,Norm,6.808726542893469
WT,model_508,Norm,8.892368018892173
WT,model_509,Norm,10.729632088483248
WT,model_51,Norm,11.216385856931137
WT,model_510,Norm,11.194466799323584
WT,model_511,Norm,9.20899731358342
WT,model_512,Norm,9.140368290253816
WT,model_513,Norm,9.676887740462243
WT,model_514,Norm,9.21017713051865
WT,model_515,Norm,7.3387415750471305
WT,model_516,Norm,8.92636031797756
WT,model_517,Norm,9.558148369303128
WT,model_518,Norm,10.25384133162614
WT,model_519,Norm,10.357444621703177
WT,model_52,Norm,9.398167849501815
WT,model_520,Norm,11.455693792504494
WT,model_521,Norm,6.061482302524324
WT,model_522,Norm,6.290784906519252
WT,model_523,Norm,7.275128059938292
WT,model_524,Norm,8.363954148800921
WT,model_525,Norm,9.703988040654481
WT,model_526,Norm,9.990818419694515
WT,model_527,Norm,10.476891432104479
WT,model_528,Norm,9.859602902529254
WT,model_529,Norm,10.826052311430926
WT,model_53,Norm,9.768488544902027
WT,model_530,Norm,8.2297583040248945
WT,model_531,Norm,4.286604043532656
WT,model_532,Norm,11.312323448497253
WT,model_533,Norm,12.016014664416126
WT,model_534,Norm,12.363622881823709
WT,model_535,Norm,12.250361940014631
WT,model_536,Norm,14.451459364365592
WT,model_537,Norm,15.347060262164467
WT,model_538,Norm,18.95588129903458
WT,model_539,Norm,17.944128454147073
WT,model_54,Norm,11.719194587862837
WT,model_540,Norm,18.59381585552381
WT,model_541,Norm,17.95842944752958
WT,model_542,Norm,18.31049825480521
WT,model_543,Norm,17.717401001153274
WT,model_544,Norm,15.090531962087613
WT,model_545,Norm,18.96384736611815
WT,model_546,Norm,16.720423651197763
WT,model_547,Norm,11.742496492423594
WT,model_548,Norm,10.259479454577875
WT,model_549,Norm,13.273702847287288
WT,model_55,Norm,12.703276071553034
WT,model_550,Norm,6.8566240655297745
WT,model_551,Norm,12.89239545613172
WT,model_552,Norm,6.468997572297713
WT,model_553,Norm,5.521811429664744
WT,model_554,Norm,5.885978078594536
WT,model_555,Norm,5.465340255018791
WT,model_556,Norm,6.230780229927391
WT,model_557,Norm,5.602789390583307
WT,model_558,Norm,11.641681286894348
WT,model_559,Norm,18.820416641017065
WT,model_56,Norm,12.03349667477396
WT,model_560,Norm,17.727260831756706
WT,model_561,Norm,6.672682500006683
WT,model_562,Norm,17.359679196482407
WT,model_563,Norm,5.904132743484411
WT,model_564,Norm,11.386445167021247
WT,model_565,Norm,12.25532755893423
WT,model_566,Norm,9.09582234791312
WT,model_567,Norm,8.442326685692622
WT,model_568,Norm,10.762208435862458
WT,model_569,Norm,10.098133803278913
WT,model_57,Norm,13.508667189808818
WT,model_570,Norm,11.823971949074606
WT,model_571,Norm,7.504650261004504
WT,model_572,Norm,12.045218863025772
WT,model_573,Norm,8.360961347385727
WT,model_574,Norm,8.35810867301182
WT,model_575,Norm,9.085371355647398
WT,model_576,Norm,8.950342799919882
WT,model_577,Norm,12.16967405742765
WT,model_578,Norm,12.30039366046063
WT,model_579,Norm,6.965671492507011
WT,model_58,Norm,10.617482930604083
WT,model_580,Norm,4.415576875640852
WT,model_581,Norm,4.905625585306223
WT,model_582,Norm,6.667110464202013
WT,model_583,Norm,7.182829124240853
WT,model_584,Norm,9.018016019537635
WT,model_585,Norm,8.362988856702962
WT,model_586,Norm,4.491800991390476
WT,model_587,Norm,6.893591415609718
WT,model_588,Norm,5.207951341807923
WT,model_589,Norm,4.7568088024708235
WT,model_59,Norm,13.237259545783886
WT,model_590,Norm,4.783106400877676
WT,model_591,Norm,2.004709018485892
WT,model_592,Norm,5.76971430400996
WT,model_593,Norm,4.35177387500813
WT,model_594,Norm,6.128330621241927
WT,model_595,Norm,5.024905183393873
WT,model_596,Norm,4.938178702894731
WT,model_597,Norm,5.592255508583577
WT,model_598,Norm,6.561600644614565
WT,model_599,Norm,5.20489340634368
WT,model_6,Norm,11.071133481959777
WT,model_60,Norm,11.193683285480368
WT,model_600,Norm,5.38192698265722
WT,model_601,Norm,6.33244033597795
WT,model_602,Norm,6.12408316276718
WT,model_603,Norm,6.970789437621341
WT,model_604,Norm,5.986673489284337
WT,model_605,Norm,6.641960701735364
WT,model_606,Norm,6.736817937408145
WT,model_607,Norm,5.069788256026533
WT,model_608,Norm,5.442602182469696
WT,model_609,Norm,5.7470955482165635
WT,model_61,Norm,12.326128393071944
WT,model_610,Norm,6.260277562904999
WT,model_611,Norm,5.536341343372878
WT,model_612,Norm,6.70666215884959
WT,model_613,Norm,6.720105715658531
WT,model_614,Norm,6.822155219428567
WT,model_615,Norm,7.264742703710427
WT,model_616,Norm,6.072902774607882
WT,model_617,Norm,7.5244662027685525
WT,model_618,Norm,7.788730014406388
WT,model_619,Norm,11.281935386504975
WT,model_62,Norm,12.734149702504212
WT,model_620,Norm,9.93272367951663
WT,model_621,Norm,9.558176453780069
WT,model_622,Norm,10.279031804237293
WT,model_623,Norm,10.799718145003945
WT,model_624,Norm,8.43630878124541
WT,model_625,Norm,7.561350183645995
WT,model_626,Norm,6.792528115055362
WT,model_627,Norm,7.369379312017676
WT,model_628,Norm,7.623974365230308
WT,model_629,Norm,8.119007258539387
WT,model_63,Norm,11.386876852783269
WT,model_630,Norm,10.44563130925086
WT,model_631,Norm,9.368459814904
WT,model_632,Norm,10.718224441545079
WT,model_633,Norm,10.779921679352787
WT,model_634,Norm,9.908952185091174
WT,model_635,Norm,7.704341660109478
WT,model_636,Norm,8.311544075677691
WT,model_637,Norm,10.007548618832237
WT,model_638,Norm,8.915227429923311
WT,model_639,Norm,9.887243146743545
WT,model_64,Norm,12.582305081896958
WT,model_640,Norm,10.605657819834624
WT,model_641,Norm,10.030600870539946
WT,model_642,Norm,6.1301691931589835
WT,model_643,Norm,6.310960560213231
WT,model_644,Norm,6.6561967979993355
WT,model_645,Norm,6.78236788082348
WT,model_646,Norm,6.799976199007956
WT,model_647,Norm,6.925163866934164
WT,model_648,Norm,7.83829276480405
WT,model_649,Norm,6.005020368237441
WT,model_65,Norm,12.521453748553157
WT,model_650,Norm,7.907251858742941
WT,model_651,Norm,7.973294957490877
WT,model_652,Norm,9.028428824332595
WT,model_653,Norm,8.871831980289492
WT,model_654,Norm,8.14156722690566
WT,model_655,Norm,7.989004052643384
WT,model_656,Norm,9.595863416045743
WT,model_657,Norm,7.982986387860071
WT,model_658,Norm,9.056797334173305
WT,model_659,Norm,10.289638661604219
WT,model_66,Norm,11.737857107341412
WT,model_660,Norm,8.748744801547776
WT,model_661,Norm,10.087067831631378
WT,model_662,Norm,9.0274598914162425
WT,model_663,Norm,11.879072883370531
WT,model_664,Norm,8.166912648796906
WT,model_665,Norm,8.589098652941889
WT,model_666,Norm,8.738314327177795
WT,model_667,Norm,10.212875121778469
WT,model_668,Norm,10.898182869818667
WT,model_669,Norm,8.815733740262237
WT,model_67,Norm,11.613304988700762
WT,model_670,Norm,9.559811976313632
WT,model_671,Norm,11.2875387960588
WT,model_672,Norm,9.27826330304077
WT,model_673,Norm,10.188376400068138
WT,model_674,Norm,10.608425221678678
WT,model_675,Norm,10.327864819048417
WT,model_676,Norm,8.179929222617092
WT,model_677,Norm,8.992100739120461
WT,model_678,Norm,8.34293341027268
WT,model_679,Norm,8.751902863811106
WT,model_68,Norm,12.91394543297872
WT,model_680,Norm,11.951164466025842
WT,model_681,Norm,10.441896383220266
WT,model_682,Norm,6.751275476214452
WT,model_683,Norm,8.208678327025044
WT,model_684,Norm,8.569603526407251
WT,model_685,Norm,9.190608056692067
WT,model_686,Norm,10.519913423600837
WT,model_687,Norm,10.504070799806984
WT,model_688,Norm,12.142350717212054
WT,model_689,Norm,9.208868432878326
WT,model_69,Norm,12.631669717232976
WT,model_690,Norm,10.885298706729175
WT,model_691,Norm,8.63135465981102
WT,model_692,Norm,10.200453175659842
WT,model_693,Norm,7.8863169766256425
WT,model_694,Norm,10.35972548802425
WT,model_695,Norm,10.685982633739888
WT,model_696,Norm,10.953616966697515
WT,model_697,Norm,11.711911999309109
WT,model_698,Norm,11.895181787082825
WT,model_699,Norm,9.619969351345079
WT,model_7,Norm,11.69551818050721
WT,model_70,Norm,13.244281903948007
WT,model_700,Norm,5.467273663777626
WT,model_701,Norm,5.425930486791674
WT,model_702,Norm,5.817267541660786
WT,model_703,Norm,5.766201761259514
WT,model_704,Norm,6.877269102840048
WT,model_705,Norm,7.186489004447419
WT,model_706,Norm,7.920212013459193
WT,model_707,Norm,8.520865662449541
WT,model_708,Norm,9.031302642739037
WT,model_709,Norm,9.430665392470452
WT,model_71,Norm,14.786854842437185
WT,model_710,Norm,9.114372772828176
WT,model_711,Norm,9.944378127033696
WT,model_712,Norm,10.410415459025351
WT,model_713,Norm,5.3115586196485864
WT,model_714,Norm,5.7510821143471365
WT,model_715,Norm,4.145521611997766
WT,model_716,Norm,5.022067605234565
WT,model_717,Norm,6.744761607947833
WT,model_718,Norm,7.930459873735368
WT,model_719,Norm,7.705528107667991
WT,model_72,Norm,13.616747551847032
WT,model_720,Norm,7.652019317887172
WT,model_721,Norm,7.371289251212489
WT,model_722,Norm,8.31635476995272
WT,model_723,Norm,7.605477817232682
WT,model_724,Norm,7.755679594106248
WT,model_725,Norm,7.819101382637895
WT,model_726,Norm,8.62533938575998
WT,model_727,Norm,10.429651177904065
WT,model_728,Norm,9.72538585229526
WT,model_729,Norm,9.693958325990076
WT,model_73,Norm,10.381305182094717
WT,model_730,Norm,7.6938956431457814
WT,model_731,Norm,8.918879671731586
WT,model_732,Norm,9.322682449151278
WT,model_733,Norm,10.189363776686337
WT,model_734,Norm,10.273495566815399
WT,model_735,Norm,10.582117559611738
WT,model_736,Norm,10.816060765640774
WT,model_737,Norm,10.591581442031218
WT,model_738,Norm,11.164240351311394
WT,model_739,Norm,6.77214645957799
WT,model_74,Norm,10.274188811439062
WT,model_740,Norm,8.473029763658824
WT,model_741,Norm,10.117825010617107
WT,model_742,Norm,10.76698852528373
WT,model_743,Norm,9.522798105343714
WT,model_744,Norm,9.629709150090056
WT,model_745,Norm,10.460865929812117
WT,model_746,Norm,9.404823081724315
WT,model_747,Norm,10.351123606256936
WT,model_748,Norm,9.31585477297179
WT,model_749,Norm,9.643146047438377
WT,model_75,Norm,10.43045362100752
WT,model_750,Norm,9.825490589611748
WT,model_751,Norm,9.728531345410877
WT,model_752,Norm,10.50880818738278
WT,model_753,Norm,12.61071487356018
WT,model_754,Norm,7.954759312828011
WT,model_755,Norm,9.613657533706093
WT,model_756,Norm,10.915502082902862
WT,model_757,Norm,10.852778001891476
WT,model_758,Norm,11.331922679477355
WT,model_759,Norm,11.964158901427473
WT,model_76,Norm,11.232500809670217
WT,model_760,Norm,7.441208336514121
WT,model_761,Norm,10.959936067531649
WT,model_762,Norm,10.815028593484856
WT,model_763,Norm,11.240746028728319
WT,model_764,Norm,11.276056617763858
WT,model_765,Norm,11.231120256232595
WT,model_766,Norm,8.39067764573775
WT,model_767,Norm,7.332355701047492
WT,model_768,Norm,7.505418405729416
WT,model_769,Norm,8.290233122129386
WT,model_77,Norm,12.592298737602302
WT,model_770,Norm,8.79307895632954
WT,model_771,Norm,9.503077269471701
WT,model_772,Norm,10.654880380252862
WT,model_773,Norm,7.147642448034435
WT,model_774,Norm,8.141972988999854
WT,model_775,Norm,7.064811732784742
WT,model_776,Norm,9.65586770897271
WT,model_777,Norm,9.919859345790204
WT,model_778,Norm,9.841895809988516
WT,model_779,Norm,9.58336938158969
WT,model_78,Norm,10.40282308703743
WT,model_780,Norm,9.80241512353092
WT,model_781,Norm,8.771509341648567
WT,model_782,Norm,9.337591016008005
WT,model_783,Norm,9.25559701755426
WT,model_784,Norm,9.730808848054954
WT,model_785,Norm,9.318924086734505
WT,model_786,Norm,8.37441655863587
WT,model_787,Norm,7.996988368973403
WT,model_788,Norm,9.343086294216857
WT,model_789,Norm,9.586699590594739
WT,model_79,Norm,8.2327425205321
WT,model_790,Norm,9.444864125119706
WT,model_791,Norm,9.238915494486852
WT,model_792,Norm,8.621728617212232
WT,model_793,Norm,4.207158226814002
WT,model_794,Norm,4.797426787978759
WT,model_795,Norm,9.222237732954707
WT,model_796,Norm,11.100556102944628
WT,model_8,Norm,12.242876638342592
WT,model_80,Norm,10.403469883750416
WT,model_81,Norm,10.752615834736604
WT,model_82,Norm,9.289468919650368
WT,model_83,Norm,12.283674577342946
WT,model_84,Norm,10.150628883702725
WT,model_85,Norm,10.452156407083121
WT,model_86,Norm,11.458855400922548
WT,model_87,Norm,13.679597452404806
WT,model_88,Norm,9.675436151243494
WT,model_89,Norm,13.222148492272852
WT,model_9,Norm,11.221447632982986
WT,model_90,Norm,13.87206016039372
WT,model_91,Norm,13.355237967128968
WT,model_92,Norm,12.430875101283503
WT,model_93,Norm,13.08633453143653
WT,model_94,Norm,13.489364733826763
WT,model_95,Norm,14.931240472319335
WT,model_96,Norm,14.391542066893193
WT,model_97,Norm,14.929540971393443
WT,model_98,Norm,13.068715086975885
WT,model_99,Norm,12.270441438065351
WT,model_1,ARCHW,10.826795343617885
WT,model_10,ARCHW,12.563052325113615
WT,model_100,ARCHW,17.10043855077698
WT,model_101,ARCHW,17.662505768402536
WT,model_102,ARCHW,19.420208960632355
WT,model_103,ARCHW,18.257157171350105
WT,model_104,ARCHW,18.799761045951566
WT,model_105,ARCHW,19.443779357662894
WT,model_106,ARCHW,16.828349925147943
WT,model_107,ARCHW,17.199838083425472
WT,model_108,ARCHW,19.82107971137359
WT,model_109,ARCHW,20.38407149707154
WT,model_11,ARCHW,15.324380275402353
WT,model_110,ARCHW,20.158542442648944
WT,model_111,ARCHW,20.035965241746737
WT,model_112,ARCHW,18.827239187447812
WT,model_113,ARCHW,19.761966516615367
WT,model_114,ARCHW,20.517884561722727
WT,model_115,ARCHW,19.798268853801112
WT,model_116,ARCHW,20.76713834161668
WT,model_117,ARCHW,21.588971097533033
WT,model_118,ARCHW,21.111291711699096
WT,model_119,ARCHW,20.385469134425637
WT,model_12,ARCHW,15.196545612989132
WT,model_120,ARCHW,21.767683844310543
WT,model_121,ARCHW,21.012142239915917
WT,model_122,ARCHW,19.112917119760485
WT,model_123,ARCHW,21.538961129531508
WT,model_124,ARCHW,22.991769179226072
WT,model_125,ARCHW,22.094661343823912
WT,model_126,ARCHW,20.09005708844916
WT,model_127,ARCHW,20.715462264697095
WT,model_128,ARCHW,21.14093705495957
WT,model_129,ARCHW,23.437803190714476
WT,model_13,ARCHW,14.877198084926928
WT,model_130,ARCHW,20.026566537097928
WT,model_131,ARCHW,20.88307521759862
WT,model_132,ARCHW,23.74093497987718
WT,model_133,ARCHW,18.04603355943879
WT,model_134,ARCHW,21.37063547499863
WT,model_135,ARCHW,21.39539143660781
WT,model_136,ARCHW,19.90702300967864
WT,model_137,ARCHW,20.22730039114971
WT,model_138,ARCHW,20.24214958245689
WT,model_139,ARCHW,21.06893153167178
WT,model_14,ARCHW,13.312922715508588
WT,model_140,ARCHW,19.822579003593304
WT,model_141,ARCHW,21.947855166667043
WT,model_142,ARCHW,19.586095786022774
WT,model_143,ARCHW,20.264791848678684
WT,model_144,ARCHW,20.239365465653073
WT,model_145,ARCHW,18.854998414594938
WT,model_146,ARCHW,19.929881966490804
WT,model_147,ARCHW,23.502394507612486
WT,model_148,ARCHW,23.613515827192646
WT,model_149,ARCHW,19.201159148096565
WT,model_15,ARCHW,15.098978565465345
WT,model_150,ARCHW,25.87114607614317
WT,model_151,ARCHW,25.860475762007233
WT,model_152,ARCHW,27.249860654037636
WT,model_153,ARCHW,24.49540569460377
WT,model_154,ARCHW,25.095108778553847
WT,model_155,ARCHW,24.423870273787063
WT,model_156,ARCHW,24.77044709653438
WT,model_157,ARCHW,23.983536774825666
WT,model_158,ARCHW,23.82148620361845
WT,model_159,ARCHW,24.49694039985918
WT,model_16,ARCHW,17.06040406683606
WT,model_160,ARCHW,28.23356257399794
WT,model_161,ARCHW,25.464853145579703
WT,model_162,ARCHW,24.89220746858674
WT,model_163,ARCHW,18.095418633440342
WT,model_164,ARCHW,18.545859749130912
WT,model_165,ARCHW,19.484501391320514
WT,model_166,ARCHW,20.570608216025537
WT,model_167,ARCHW,20.025946330094026
WT,model_168,ARCHW,21.41311409491392
WT,model_169,ARCHW,21.028575731233104
WT,model_17,ARCHW,15.872782615290806
WT,model_170,ARCHW,21.539559513116767
WT,model_171,ARCHW,20.950810044659587
WT,model_172,ARCHW,21.512018861334514
WT,model_173,ARCHW,21.182963291168623
WT,model_174,ARCHW,20.193478472650728
WT,model_175,ARCHW,22.01401802864922
WT,model_176,ARCHW,22.926686987187292
WT,model_177,ARCHW,19.34729336269093
WT,model_178,ARCHW,20.855959187663803
WT,model_179,ARCHW,22.50472347768059
WT,model_18,ARCHW,15.945906012040044
WT,model_180,ARCHW,22.011901301783183
WT,model_181,ARCHW,23.788769221266726
WT,model_182,ARCHW,23.822251894107463
WT,model_183,ARCHW,24.609852313667403
WT,model_184,ARCHW,18.62301986100817
WT,model_185,ARCHW,16.843741025683894
WT,model_186,ARCHW,21.74448468849053
WT,model_187,ARCHW,19.21735456183045
WT,model_188,ARCHW,19.595666551880676
WT,model_189,ARCHW,20.792518761329934
WT,model_19,ARCHW,16.01303387842334
WT,model_190,ARCHW,20.661895850704408
WT,model_191,ARCHW,21.82775889533524
WT,model_192,ARCHW,23.050932564256918
WT,model_193,ARCHW,14.719754598655495
WT,model_194,ARCHW,14.894014970303274
WT,model_195,ARCHW,15.049995973386745
WT,model_196,ARCHW,15.558499120894984
WT,model_197,ARCHW,17.43944657800885
WT,model_198,ARCHW,17.886871581964265
WT,model_199,ARCHW,11.237880331614994
WT,model_2,ARCHW,15.540086953477552
WT,model_20,ARCHW,14.277775412698102
WT,model_200,ARCHW,17.55750828841345
WT,model_201,ARCHW,18.728891752171318
WT,model_202,ARCHW,16.939117326060106
WT,model_203,ARCHW,16.533167454840708
WT,model_204,ARCHW,16.821363569231174
WT,model_205,ARCHW,17.21902036286328
WT,model_206,ARCHW,16.829208110062375
WT,model_207,ARCHW,17.73069184044729
WT,model_208,ARCHW,17.681203310566595
WT,model_209,ARCHW,17.169436474566027
WT,model_21,ARCHW,16.44179871304611
WT,model_210,ARCHW,19.924410541370193
WT,model_211,ARCHW,19.106838159612682
WT,model_212,ARCHW,17.68624789026405
WT,model_213,ARCHW,18.83173311796942
WT,model_214,ARCHW,20.044956461283604
WT,model_215,ARCHW,19.982481537696977
WT,model_216,ARCHW,18.44166290324684
WT,model_217,ARCHW,19.58828921466453
WT,model_218,ARCHW,19.955188416305155
WT,model_219,ARCHW,20.069602559450207
WT,model_22,ARCHW,15.141928848125092
WT,model_220,ARCHW,19.54234232391344
WT,model_221,ARCHW,18.709760932255875
WT,model_222,ARCHW,19.66557022304894
WT,model_223,ARCHW,21.510309612822198
WT,model_224,ARCHW,17.417203022729346
WT,model_225,ARCHW,16.23470241020506
WT,model_226,ARCHW,16.972203632660804
WT,model_227,ARCHW,16.54334155927153
WT,model_228,ARCHW,16.63397273726571
WT,model_229,ARCHW,17.053281078914605
WT,model_23,ARCHW,16.779334457539537
WT,model_230,ARCHW,14.657077059939398
WT,model_231,ARCHW,15.532635003012665
WT,model_232,ARCHW,14.869504271745305
WT,model_233,ARCHW,16.971288142718354
WT,model_234,ARCHW,15.442365800627387
WT,model_235,ARCHW,16.32895355146013
WT,model_236,ARCHW,17.72446987132328
WT,model_237,ARCHW,17.972999534755417
WT,model_238,ARCHW,18.46833296383783
WT,model_239,ARCHW,17.752275477637593
WT,model_24,ARCHW,15.754306272474885
WT,model_240,ARCHW,16.046133839551306
WT,model_241,ARCHW,15.903891937547648
WT,model_242,ARCHW,11.469290682368305
WT,model_243,ARCHW,14.73609524563572
WT,model_244,ARCHW,16.64959211183439
WT,model_245,ARCHW,18.096749275796135
WT,model_246,ARCHW,17.61114621522565
WT,model_247,ARCHW,15.665554241946621
WT,model_248,ARCHW,16.748206717744367
WT,model_249,ARCHW,16.886516568801632
WT,model_25,ARCHW,14.873117964990056
WT,model_250,ARCHW,16.277907986910773
WT,model_251,ARCHW,15.29628619678494
WT,model_252,ARCHW,14.040998138679516
WT,model_253,ARCHW,14.99317917083059
WT,model_254,ARCHW,15.36408287984079
WT,model_255,ARCHW,14.54208350233122
WT,model_256,ARCHW,16.521157967138244
WT,model_257,ARCHW,16.26057200621695
WT,model_258,ARCHW,17.365048145975337
WT,model_259,ARCHW,17.657098178311937
WT,model_26,ARCHW,15.51733698320555
WT,model_260,ARCHW,17.718964130609564
WT,model_261,ARCHW,19.056315507332553
WT,model_262,ARCHW,17.290001094801184
WT,model_263,ARCHW,16.57915216055553
WT,model_264,ARCHW,17.450590550323685
WT,model_265,ARCHW,16.37021053206126
WT,model_266,ARCHW,17.088186180247924
WT,model_267,ARCHW,17.23090756015349
WT,model_268,ARCHW,17.960692647709976
WT,model_269,ARCHW,17.370892889951275
WT,model_27,ARCHW,16.8619995192503
WT,model_270,ARCHW,18.309879132397967
WT,model_271,ARCHW,20.20832472846149
WT,model_272,ARCHW,18.046025910563426
WT,model_273,ARCHW,21.189353848311885
WT,model_274,ARCHW,20.941200406389413
WT,model_275,ARCHW,21.17533009295253
WT,model_276,ARCHW,17.739958115143786
WT,model_277,ARCHW,17.82637344681339
WT,model_278,ARCHW,18.152738552327705
WT,model_279,ARCHW,18.84644224545556
WT,model_28,ARCHW,16.821001003348773
WT,model_280,ARCHW,18.20771521013151
WT,model_281,ARCHW,19.274023788446875
WT,model_282,ARCHW,17.445694963721746
WT,model_283,ARCHW,18.305839618370893
WT,model_284,ARCHW,17.7633304522786
WT,model_285,ARCHW,19.218328773636415
WT,model_286,ARCHW,18.57392251372704
WT,model_287,ARCHW,18.566710474017203
WT,model_288,ARCHW,17.583788348000795
WT,model_289,ARCHW,17.25221058694493
WT,model_29,ARCHW,15.404862657338525
WT,model_290,ARCHW,18.350383181614863
WT,model_291,ARCHW,19.41538740745413
WT,model_292,ARCHW,18.805443795054366
WT,model_293,ARCHW,18.719839777652957
WT,model_294,ARCHW,19.82216217671705
WT,model_295,ARCHW,19.415229726670724
WT,model_296,ARCHW,18.9776533519205
WT,model_297,ARCHW,18.86880883148578
WT,model_298,ARCHW,19.313691394103785
WT,model_299,ARCHW,16.962432508776157
WT,model_3,ARCHW,17.08244169360397
WT,model_30,ARCHW,16.904135374464097
WT,model_300,ARCHW,17.546855033290445
WT,model_301,ARCHW,18.306493457604986
WT,model_302,ARCHW,21.36695979737403
WT,model_303,ARCHW,20.242249052450372
WT,model_304,ARCHW,14.042621585911164
WT,model_305,ARCHW,13.660979082187078
WT,model_306,ARCHW,14.467074958334294
WT,model_307,ARCHW,14.380120952877792
WT,model_308,ARCHW,14.558554032578845
WT,model_309,ARCHW,13.359952816866475
WT,model_31,ARCHW,18.151161339192313
WT,model_310,ARCHW,13.130641191240922
WT,model_311,ARCHW,13.699274054652216
WT,model_312,ARCHW,15.075379424372576
WT,model_313,ARCHW,11.69041645708294
WT,model_314,ARCHW,13.480794494875962
WT,model_315,ARCHW,15.264823233459607
WT,model_316,ARCHW,14.335811097715498
WT,model_317,ARCHW,15.020682008087542
WT,model_318,ARCHW,15.465300496885007
WT,model_319,ARCHW,17.243127201768775
WT,model_32,ARCHW,18.45531177197589
WT,model_320,ARCHW,16.063287254481754
WT,model_321,ARCHW,13.62154203976269
WT,model_322,ARCHW,13.90014114084261
WT,model_323,ARCHW,15.061229880299567
WT,model_324,ARCHW,15.38727081200305
WT,model_325,ARCHW,14.91472534479986
WT,model_326,ARCHW,14.553213843094246
WT,model_327,ARCHW,15.23988850835926
WT,model_328,ARCHW,15.16293030022277
WT,model_329,ARCHW,16.197298541883686
WT,model_33,ARCHW,16.176203263530223
WT,model_330,ARCHW,14.642942988972843
WT,model_331,ARCHW,18.037265750769432
WT,model_332,ARCHW,14.468909865469534
WT,model_333,ARCHW,15.680479723697296
WT,model_334,ARCHW,14.559946113073073
WT,model_335,ARCHW,14.6391107465084
WT,model_336,ARCHW,13.633109896309131
WT,model_337,ARCHW,16.037853273326544
WT,model_338,ARCHW,18.414831461514712
WT,model_339,ARCHW,18.251295465264377
WT,model_34,ARCHW,16.50618556644079
WT,model_340,ARCHW,12.85714197315153
WT,model_341,ARCHW,13.487407277349515
WT,model_342,ARCHW,11.402939434963587
WT,model_343,ARCHW,13.384908520083124
WT,model_344,ARCHW,17.992283209622443
WT,model_345,ARCHW,16.432798149898137
WT,model_346,ARCHW,7.569825285159522
WT,model_347,ARCHW,9.412685759373613
WT,model_348,ARCHW,14.112541937845052
WT,model_349,ARCHW,13.178613099504279
WT,model_35,ARCHW,17.891020788550247
WT,model_350,ARCHW,13.570683502980934
WT,model_351,ARCHW,16.154603552342298
WT,model_352,ARCHW,18.280951364324544
WT,model_353,ARCHW,19.2653607812326
WT,model_354,ARCHW,20.079989127962595
WT,model_355,ARCHW,21.73004130539786
WT,model_356,ARCHW,21.273609470842718
WT,model_357,ARCHW,21.453138513332114
WT,model_358,ARCHW,24.131049390241028
WT,model_359,ARCHW,19.500602177794146
WT,model_36,ARCHW,17.724086164989416
WT,model_360,ARCHW,21.35090980855121
WT,model_361,ARCHW,21.19097368781523
WT,model_362,ARCHW,20.22782690515502
WT,model_363,ARCHW,22.21820588738724
WT,model_364,ARCHW,21.411236528465544
WT,model_365,ARCHW,20.334115135908736
WT,model_366,ARCHW,19.982506188098853
WT,model_367,ARCHW,20.933314947325837
WT,model_368,ARCHW,20.85308298227986
WT,model_369,ARCHW,20.3510082848014
WT,model_37,ARCHW,17.702849135859825
WT,model_370,ARCHW,19.791174462793315
WT,model_371,ARCHW,22.610892827391215
WT,model_372,ARCHW,22.69603265043986
WT,model_373,ARCHW,22.487947271229856
WT,model_374,ARCHW,22.129469531072683
WT,model_375,ARCHW,22.370087978685156
WT,model_376,ARCHW,22.235363034519846
WT,model_377,ARCHW,22.864645374187834
WT,model_378,ARCHW,21.59151620174012
WT,model_379,ARCHW,20.1176030107603
WT,model_38,ARCHW,17.96515379782064
WT,model_380,ARCHW,21.92693418939817
WT,model_381,ARCHW,22.3156280165849
WT,model_382,ARCHW,20.602343893640985
WT,model_383,ARCHW,20.432661701033773
WT,model_384,ARCHW,18.13433808783325
WT,model_385,ARCHW,12.941159744426338
WT,model_386,ARCHW,14.070357568850001
WT,model_387,ARCHW,19.811309816652503
WT,model_388,ARCHW,20.24891083260227
WT,model_389,ARCHW,19.908798566044894
WT,model_39,ARCHW,15.518320188468218
WT,model_390,ARCHW,21.540164545797957
WT,model_391,ARCHW,17.724150772147123
WT,model_392,ARCHW,12.372923894080438
WT,model_393,ARCHW,22.009588076150663
WT,model_394,ARCHW,16.285061154837127
WT,model_395,ARCHW,16.686098498393132
WT,model_396,ARCHW,17.04684380557522
WT,model_397,ARCHW,11.485344613783273
WT,model_398,ARCHW,15.1258603097898
WT,model_399,ARCHW,16.65844704152533
WT,model_4,ARCHW,17.667682544983553
WT,model_40,ARCHW,17.977997849120825
WT,model_400,ARCHW,17.99841707334185
WT,model_401,ARCHW,17.388122155662764
WT,model_402,ARCHW,18.10013321911962
WT,model_403,ARCHW,17.15309802985008
WT,model_404,ARCHW,18.37885487547271
WT,model_405,ARCHW,19.17326084568159
WT,model_406,ARCHW,18.911567843877652
WT,model_407,ARCHW,19.209698041022794
WT,model_408,ARCHW,19.319651635075708
WT,model_409,ARCHW,17.17740771653127
WT,model_41,ARCHW,17.983482441731724
WT,model_410,ARCHW,19.64506981097459
WT,model_411,ARCHW,20.212387279773314
WT,model_412,ARCHW,21.084430403995377
WT,model_413,ARCHW,21.39840273206414
WT,model_414,ARCHW,22.31947629592185
WT,model_415,ARCHW,20.98921688268385
WT,model_416,ARCHW,20.868282419660016
WT,model_417,ARCHW,21.25601852654985
WT,model_418,ARCHW,20.58919220187841
WT,model_419,ARCHW,21.751917359020116
WT,model_42,ARCHW,17.722930840434437
WT,model_420,ARCHW,20.73130208557226
WT,model_421,ARCHW,22.99038287667763
WT,model_422,ARCHW,21.161313223615196
WT,model_423,ARCHW,18.155367764810475
WT,model_424,ARCHW,18.196915372761197
WT,model_425,ARCHW,19.191336117251826
WT,model_426,ARCHW,18.263050181227822
WT,model_427,ARCHW,20.72320762895466
WT,model_428,ARCHW,22.15212948640368
WT,model_429,ARCHW,19.72583278365291
WT,model_43,ARCHW,15.630711553146648
WT,model_430,ARCHW,22.175149108884558
WT,model_431,ARCHW,22.38010574111004
WT,model_432,ARCHW,20.894397473300952
WT,model_433,ARCHW,21.807581593733524
WT,model_434,ARCHW,21.550695832921843
WT,model_435,ARCHW,22.692471617967556
WT,model_436,ARCHW,22.524372361628593
WT,model_437,ARCHW,22.267689209338943
WT,model_438,ARCHW,20.71502327899536
WT,model_439,ARCHW,21.553382568218442
WT,model_44,ARCHW,16.47416370367138
WT,model_440,ARCHW,26.690472884540394
WT,model_441,ARCHW,22.996218223607173
WT,model_442,ARCHW,23.302225445645607
WT,model_443,ARCHW,23.38799842917613
WT,model_444,ARCHW,22.994558061916226
WT,model_445,ARCHW,23.2896548907769
WT,model_446,ARCHW,23.511721588521755
WT,model_447,ARCHW,23.678824673296283
WT,model_448,ARCHW,22.031941352569092
WT,model_449,ARCHW,23.23160648868146
WT,model_45,ARCHW,15.209150100023626
WT,model_450,ARCHW,22.85006785103119
WT,model_451,ARCHW,22.61075497875534
WT,model_452,ARCHW,22.61597254388336
WT,model_453,ARCHW,26.056436626608928
WT,model_454,ARCHW,23.487972058267953
WT,model_455,ARCHW,24.844984518846235
WT,model_456,ARCHW,24.252520310062465
WT,model_457,ARCHW,25.89770776165754
WT,model_458,ARCHW,24.92241791112651
WT,model_459,ARCHW,25.986965776156925
WT,model_46,ARCHW,18.201732308637528
WT,model_460,ARCHW,25.630761837380962
WT,model_461,ARCHW,27.34142484336039
WT,model_462,ARCHW,27.37636791583093
WT,model_463,ARCHW,26.160629357000893
WT,model_464,ARCHW,25.05691291217114
WT,model_465,ARCHW,22.20900681462691
WT,model_466,ARCHW,22.074773599003333
WT,model_467,ARCHW,21.137362731164107
WT,model_468,ARCHW,23.671309547865285
WT,model_469,ARCHW,23.655985260999287
WT,model_47,ARCHW,18.126636821766514
WT,model_470,ARCHW,25.854557636177102
WT,model_471,ARCHW,23.678786209187585
WT,model_472,ARCHW,24.68373344702075
WT,model_473,ARCHW,26.17616762353923
WT,model_474,ARCHW,26.28673901865492
WT,model_475,ARCHW,24.379608435166958
WT,model_476,ARCHW,26.570071159342465
WT,model_477,ARCHW,25.931329261685775
WT,model_478,ARCHW,26.40605419411735
WT,model_479,ARCHW,25.806567455693795
WT,model_48,ARCHW,14.375115886587933
WT,model_480,ARCHW,24.70967643885438
WT,model_481,ARCHW,26.174934946597382
WT,model_482,ARCHW,26.259443909475984
WT,model_483,ARCHW,25.140511796857627
WT,model_484,ARCHW,27.855490893049172
WT,model_485,ARCHW,26.73773914333027
WT,model_486,ARCHW,25.683437101320646
WT,model_487,ARCHW,27.229629795631997
WT,model_488,ARCHW,27.545850047284414
WT,model_489,ARCHW,26.270739004787885
WT,model_49,ARCHW,15.421109039619084
WT,model_490,ARCHW,25.152904573747538
WT,model_491,ARCHW,14.287132581743386
WT,model_492,ARCHW,20.84319881633763
WT,model_493,ARCHW,4.635233361376881
WT,model_494,ARCHW,6.870866772052531
WT,model_495,ARCHW,9.166390545207324
WT,model_496,ARCHW,12.508180864243016
WT,model_497,ARCHW,11.771515868850903
WT,model_498,ARCHW,7.920526982599481
WT,model_499,ARCHW,5.995628550832023
WT,model_5,ARCHW,16.196929580820623
WT,model_50,ARCHW,15.40965625590574
WT,model_500,ARCHW,8.41468227614197
WT,model_501,ARCHW,10.423203333063249
WT,model_502,ARCHW,12.835890145298043
WT,model_503,ARCHW,14.475164033347323
WT,model_504,ARCHW,8.49585707485208
WT,model_505,ARCHW,9.220647467754128
WT,model_506,ARCHW,11.357529746085563
WT,model_507,ARCHW,9.943082950755263
WT,model_508,ARCHW,13.519194313342567
WT,model_509,ARCHW,14.373669848308857
WT,model_51,ARCHW,16.59527350804228
WT,model_510,ARCHW,14.23551572114861
WT,model_511,ARCHW,13.489883788489943
WT,model_512,ARCHW,13.911938409904343
WT,model_513,ARCHW,13.121061749028632
WT,model_514,ARCHW,11.537060908552224
WT,model_515,ARCHW,11.908804416895098
WT,model_516,ARCHW,13.04739932826678
WT,model_517,ARCHW,13.752370417223865
WT,model_518,ARCHW,14.407428790065836
WT,model_519,ARCHW,14.039726580445569
WT,model_52,ARCHW,14.123176595445113
WT,model_520,ARCHW,16.586601145213002
WT,model_521,ARCHW,8.868281165454622
WT,model_522,ARCHW,9.149795007597334
WT,model_523,ARCHW,11.15565002072411
WT,model_524,ARCHW,11.578198660198128
WT,model_525,ARCHW,14.615905307698458
WT,model_526,ARCHW,15.111773235263358
WT,model_527,ARCHW,15.701440221111397
WT,model_528,ARCHW,13.563852430473418
WT,model_529,ARCHW,14.81889377818745
WT,model_53,ARCHW,15.147927295192034
WT,model_530,ARCHW,9.114674151624214
WT,model_531,ARCHW,6.319141906295578
WT,model_532,ARCHW,13.967246607299618
WT,model_533,ARCHW,15.168825283106253
WT,model_534,ARCHW,15.110028665048505
WT,model_535,ARCHW,15.912271359144059
WT,model_536,ARCHW,18.07402663869336
WT,model_537,ARCHW,18.843888222175714
WT,model_538,ARCHW,21.70498107991925
WT,model_539,ARCHW,21.423490421954554
WT,model_54,ARCHW,17.199305102729557
WT,model_540,ARCHW,22.228346447292566
WT,model_541,ARCHW,21.74732386195186
WT,model_542,ARCHW,20.93487244209538
WT,model_543,ARCHW,21.614532875754715
WT,model_544,ARCHW,18.595888367901743
WT,model_545,ARCHW,22.26680987740316
WT,model_546,ARCHW,18.2022872426336
WT,model_547,ARCHW,16.363323793304986
WT,model_548,ARCHW,14.236465419629868
WT,model_549,ARCHW,16.515140633323707
WT,model_55,ARCHW,18.45264998466325
WT,model_550,ARCHW,10.033093336109218
WT,model_551,ARCHW,15.904067973492767
WT,model_552,ARCHW,9.660562049486806
WT,model_553,ARCHW,10.643482059095584
WT,model_554,ARCHW,10.736064346921816
WT,model_555,ARCHW,9.67861231002409
WT,model_556,ARCHW,9.765641591973122
WT,model_557,ARCHW,8.874826836538691
WT,model_558,ARCHW,15.921076803858496
WT,model_559,ARCHW,21.647672030941408
WT,model_56,ARCHW,17.888250943024907
WT,model_560,ARCHW,21.570620039117863
WT,model_561,ARCHW,11.046548395105905
WT,model_562,ARCHW,21.794801492759273
WT,model_563,ARCHW,7.433076781379878
WT,model_564,ARCHW,14.07012890068304
WT,model_565,ARCHW,17.589941882820625
WT,model_566,ARCHW,13.71614833303339
WT,model_567,ARCHW,12.703245072614704
WT,model_568,ARCHW,13.273429409779363
WT,model_569,ARCHW,12.56203105767866
WT,model_57,ARCHW,19.236067964913534
WT,model_570,ARCHW,15.44235660509857
WT,model_571,ARCHW,11.267591288441329
WT,model_572,ARCHW,16.517785674852036
WT,model_573,ARCHW,9.432229643803398
WT,model_574,ARCHW,9.273670379183052
WT,model_575,ARCHW,10.85781240341413
WT,model_576,ARCHW,12.344935071594374
WT,model_577,ARCHW,16.338752131358763
WT,model_578,ARCHW,16.580745975473967
WT,model_579,ARCHW,9.967789174153143
WT,model_58,ARCHW,12.318511700224544
WT,model_580,ARCHW,7.402759031743639
WT,model_581,ARCHW,7.038886113230547
WT,model_582,ARCHW,9.518856411096737
WT,model_583,ARCHW,10.362220127184164
WT,model_584,ARCHW,13.848526482025433
WT,model_585,ARCHW,13.145774150644831
WT,model_586,ARCHW,7.124868204749813
WT,model_587,ARCHW,10.063708542425207
WT,model_588,ARCHW,7.5921867459782595
WT,model_589,ARCHW,7.481764319593737
WT,model_59,ARCHW,19.040970782175787
WT,model_590,ARCHW,7.872297422972617
WT,model_591,ARCHW,4.410101363811289
WT,model_592,ARCHW,9.34164895676346
WT,model_593,ARCHW,7.494536257514413
WT,model_594,ARCHW,9.859881603204874
WT,model_595,ARCHW,7.980724107062552
WT,model_596,ARCHW,7.826050716436226
WT,model_597,ARCHW,9.196224936637106
WT,model_598,ARCHW,9.838630743224337
WT,model_599,ARCHW,6.938090087941217
WT,model_6,ARCHW,16.123866933188147
WT,model_60,ARCHW,15.928657248189717
WT,model_600,ARCHW,7.321072534946291
WT,model_601,ARCHW,9.627209744114369
WT,model_602,ARCHW,9.534118426964374
WT,model_603,ARCHW,10.350736915398812
WT,model_604,ARCHW,9.63764789659603
WT,model_605,ARCHW,9.869914982714898
WT,model_606,ARCHW,10.003621682738755
WT,model_607,ARCHW,7.457549496388472
WT,model_608,ARCHW,7.572792158281031
WT,model_609,ARCHW,7.619312425172332
WT,model_61,ARCHW,16.750438650701263
WT,model_610,ARCHW,9.025069557542936
WT,model_611,ARCHW,7.991361266629144
WT,model_612,ARCHW,9.698292127661764
WT,model_613,ARCHW,9.811112466367733
WT,model_614,ARCHW,9.565701726212804
WT,model_615,ARCHW,10.173933940316344
WT,model_616,ARCHW,9.734923040342789
WT,model_617,ARCHW,10.590625889108164
WT,model_618,ARCHW,11.16739295595282
WT,model_619,ARCHW,17.38302750623538
WT,model_62,ARCHW,17.736418468717957
WT,model_620,ARCHW,15.109152698157207
WT,model_621,ARCHW,13.488816133102906
WT,model_622,ARCHW,13.739874518488499
WT,model_623,ARCHW,15.852315232727452
WT,model_624,ARCHW,13.229528935292713
WT,model_625,ARCHW,12.497426741606347
WT,model_626,ARCHW,9.545910108898754
WT,model_627,ARCHW,10.515681297958311
WT,model_628,ARCHW,10.808223774790997
WT,model_629,ARCHW,11.169700751847582
WT,model_63,ARCHW,16.04739613929609
WT,model_630,ARCHW,15.837495107190604
WT,model_631,ARCHW,12.925832037397678
WT,model_632,ARCHW,14.718897156541843
WT,model_633,ARCHW,14.922813652150163
WT,model_634,ARCHW,13.802679708304066
WT,model_635,ARCHW,10.766226522986662
WT,model_636,ARCHW,11.665126755295157
WT,model_637,ARCHW,13.991363298762005
WT,model_638,ARCHW,11.883735248593938
WT,model_639,ARCHW,14.827617766001682
WT,model_64,ARCHW,18.309080971647493
WT,model_640,ARCHW,15.9087487426682
WT,model_641,ARCHW,15.138526299656249
WT,model_642,ARCHW,9.087267664778695
WT,model_643,ARCHW,9.473132601616479
WT,model_644,ARCHW,9.876531210583
WT,model_645,ARCHW,9.9418739215599
WT,model_646,ARCHW,10.17866101533688
WT,model_647,ARCHW,10.257041247010395
WT,model_648,ARCHW,11.961616937359997
WT,model_649,ARCHW,8.174362876543835
WT,model_65,ARCHW,18.231228190636497
WT,model_650,ARCHW,11.229138550697526
WT,model_651,ARCHW,12.002006014568758
WT,model_652,ARCHW,13.664999995255242
WT,model_653,ARCHW,13.628517143476454
WT,model_654,ARCHW,12.505953305246022
WT,model_655,ARCHW,11.371437227395411
WT,model_656,ARCHW,13.592171208824332
WT,model_657,ARCHW,10.82645582374903
WT,model_658,ARCHW,12.44241700255642
WT,model_659,ARCHW,14.748609727286059
WT,model_66,ARCHW,17.958750723544814
WT,model_660,ARCHW,11.992205973649876
WT,model_661,ARCHW,13.734900069004505
WT,model_662,ARCHW,12.546164514607003
WT,model_663,ARCHW,16.374076196737498
WT,model_664,ARCHW,12.502107793841382
WT,model_665,ARCHW,13.038692788133758
WT,model_666,ARCHW,12.824123686823409
WT,model_667,ARCHW,13.512456361143071
WT,model_668,ARCHW,15.535458141173622
WT,model_669,ARCHW,13.028627030046177
WT,model_67,ARCHW,17.52300135265698
WT,model_670,ARCHW,13.918783282784782
WT,model_671,ARCHW,14.99056392453611
WT,model_672,ARCHW,13.010965895811244
WT,model_673,ARCHW,13.434250627125524
WT,model_674,ARCHW,13.608721864064163
WT,model_675,ARCHW,14.093921918462792
WT,model_676,ARCHW,12.422132785676691
WT,model_677,ARCHW,13.629978250469124
WT,model_678,ARCHW,12.149994490285232
WT,model_679,ARCHW,12.517406621928407
WT,model_68,ARCHW,18.341544101188973
WT,model_680,ARCHW,15.922590427981566
WT,model_681,ARCHW,13.621074402948496
WT,model_682,ARCHW,10.606452846870765
WT,model_683,ARCHW,11.846061868448652
WT,model_684,ARCHW,13.293860197702603
WT,model_685,ARCHW,13.461170730407563
WT,model_686,ARCHW,15.184506154823223
WT,model_687,ARCHW,14.85670501922869
WT,model_688,ARCHW,15.808196391330116
WT,model_689,ARCHW,13.630018141688787
WT,model_69,ARCHW,17.565342711250036
WT,model_690,ARCHW,17.025348562042193
WT,model_691,ARCHW,12.629268537351756
WT,model_692,ARCHW,15.865334824635154
WT,model_693,ARCHW,12.028865258684775
WT,model_694,ARCHW,16.12238233675552
WT,model_695,ARCHW,16.357593323996316
WT,model_696,ARCHW,16.241297213747938
WT,model_697,ARCHW,17.96757947217075
WT,model_698,ARCHW,17.90891962324937
WT,model_699,ARCHW,14.387213747460386
WT,model_7,ARCHW,16.994684947011603
WT,model_70,ARCHW,18.139603935556345
WT,model_700,ARCHW,8.51862795037365
WT,model_701,ARCHW,8.132094917964256
WT,model_702,ARCHW,9.390157222911794
WT,model_703,ARCHW,9.035392792262497
WT,model_704,ARCHW,11.286979705975602
WT,model_705,ARCHW,11.808779063857674
WT,model_706,ARCHW,11.555564114144532
WT,model_707,ARCHW,13.077658355485564
WT,model_708,ARCHW,13.732004471948995
WT,model_709,ARCHW,13.865593205707656
WT,model_71,ARCHW,21.720005865485213
WT,model_710,ARCHW,13.678200123832836
WT,model_711,ARCHW,15.297494144004837
WT,model_712,ARCHW,15.710139039652518
WT,model_713,ARCHW,7.840460492423964
WT,model_714,ARCHW,9.181583735980393
WT,model_715,ARCHW,6.419185161651245
WT,model_716,ARCHW,7.665462685462634
WT,model_717,ARCHW,9.991582877373945
WT,model_718,ARCHW,12.836915584419557
WT,model_719,ARCHW,11.017917907410691
WT,model_72,ARCHW,19.290926148647053
WT,model_720,ARCHW,11.096615603262348
WT,model_721,ARCHW,9.98086830177483
WT,model_722,ARCHW,11.823108945612779
WT,model_723,ARCHW,10.924380069735383
WT,model_724,ARCHW,11.733535997139255
WT,model_725,ARCHW,11.349502466150101
WT,model_726,ARCHW,12.591618923702065
WT,model_727,ARCHW,14.485268475564178
WT,model_728,ARCHW,13.713375262158506
WT,model_729,ARCHW,14.045932905704076
WT,model_73,ARCHW,15.310251364676684
WT,model_730,ARCHW,12.112989559653775
WT,model_731,ARCHW,13.481552758260477
WT,model_732,ARCHW,13.449960136934456
WT,model_733,ARCHW,14.221367454754601
WT,model_734,ARCHW,14.160181934980807
WT,model_735,ARCHW,14.813593314246171
WT,model_736,ARCHW,15.026567604733287
WT,model_737,ARCHW,14.394167721959318
WT,model_738,ARCHW,15.399980421934938
WT,model_739,ARCHW,9.943320107186759
WT,model_74,ARCHW,16.3278542749824
WT,model_740,ARCHW,12.771987984289494
WT,model_741,ARCHW,14.480465127937958
WT,model_742,ARCHW,16.141844045595803
WT,model_743,ARCHW,14.800900582999725
WT,model_744,ARCHW,14.741160037021858
WT,model_745,ARCHW,14.527168661282946
WT,model_746,ARCHW,14.833206973221444
WT,model_747,ARCHW,14.777881719610606
WT,model_748,ARCHW,14.587204401537536
WT,model_749,ARCHW,15.16774292786719
WT,model_75,ARCHW,16.075153540153902
WT,model_750,ARCHW,13.630675746807828
WT,model_751,ARCHW,15.701671785764047
WT,model_752,ARCHW,14.956511505839623
WT,model_753,ARCHW,16.972353794229925
WT,model_754,ARCHW,11.612362902842692
WT,model_755,ARCHW,14.637955186945195
WT,model_756,ARCHW,15.464712995897635
WT,model_757,ARCHW,15.454647311323294
WT,model_758,ARCHW,15.564583575260718
WT,model_759,ARCHW,16.2549327323098
WT,model_76,ARCHW,16.467354476265516
WT,model_760,ARCHW,11.381537833412954
WT,model_761,ARCHW,14.648038668108066
WT,model_762,ARCHW,15.123608014692328
WT,model_763,ARCHW,16.349412377600743
WT,model_764,ARCHW,16.968531855136973
WT,model_765,ARCHW,16.30783152346469
WT,model_766,ARCHW,14.004136739394358
WT,model_767,ARCHW,10.490967947416122
WT,model_768,ARCHW,10.773438513335268
WT,model_769,ARCHW,11.837275115767225
WT,model_77,ARCHW,18.627009773134503
WT,model_770,ARCHW,12.80358376497174
WT,model_771,ARCHW,13.963759574928119
WT,model_772,ARCHW,15.055911494009619
WT,model_773,ARCHW,10.236461580979828
WT,model_774,ARCHW,11.516769720165893
WT,model_775,ARCHW,9.938723137707965
WT,model_776,ARCHW,14.093727649404892
WT,model_777,ARCHW,13.72320738991639
WT,model_778,ARCHW,14.420546315248474
WT,model_779,ARCHW,13.692027216508219
WT,model_78,ARCHW,16.002836312184485
WT,model_780,ARCHW,13.970638083409243
WT,model_781,ARCHW,12.773101607583541
WT,model_782,ARCHW,13.733253012656613
WT,model_783,ARCHW,12.801338559643831
WT,model_784,ARCHW,12.759613157050556
WT,model_785,ARCHW,13.568299612698139
WT,model_786,ARCHW,13.017081314864596
WT,model_787,ARCHW,13.005404433497752
WT,model_788,ARCHW,12.882847735819606
WT,model_789,ARCHW,13.655976990524954
WT,model_79,ARCHW,13.225137759052771
WT,model_790,ARCHW,13.257000262862551
WT,model_791,ARCHW,11.641468934110252
WT,model_792,ARCHW,13.535650759598173
WT,model_793,ARCHW,6.125740696840151
WT,model_794,ARCHW,6.779078236890764
WT,model_795,ARCHW,13.524688528435034
WT,model_796,ARCHW,15.351852722279547
WT,model_8,ARCHW,16.61229855663768
WT,model_80,ARCHW,14.320060483263749
WT,model_81,ARCHW,16.49956839182804
WT,model_82,ARCHW,14.274415228242583
WT,model_83,ARCHW,17.772973097444012
WT,model_84,ARCHW,15.955991253406589
WT,model_85,ARCHW,15.115766218397546
WT,model_86,ARCHW,17.532205963747703
WT,model_87,ARCHW,18.75519020421836
WT,model_88,ARCHW,14.83724204939608
WT,model_89,ARCHW,18.544490555269594
WT,model_9,ARCHW,16.225652195256906
WT,model_90,ARCHW,18.72947703862959
WT,model_91,ARCHW,19.100602288869062
WT,model_92,ARCHW,17.82001326322318
WT,model_93,ARCHW,18.38638241743535
WT,model_94,ARCHW,19.311043303158108
WT,model_95,ARCHW,19.604262857191692
WT,model_96,ARCHW,20.141254173104794
WT,model_97,ARCHW,20.068764588592007
WT,model_98,ARCHW,18.10464299478873
WT,model_99,ARCHW,17.24199247478045
WT,model_1,SRHW,12.218611898923546
WT,model_10,SRHW,9.499370262206572
WT,model_100,SRHW,18.011705755655758
WT,model_101,SRHW,17.27516205771289
WT,model_102,SRHW,20.351668543492277
WT,model_103,SRHW,16.528624362388708
WT,model_104,SRHW,18.23865732337663
WT,model_105,SRHW,13.476823072976067
WT,model_106,SRHW,16.49089292394224
WT,model_107,SRHW,16.06186056000873
WT,model_108,SRHW,19.072771406456695
WT,model_109,SRHW,19.682523539432484
WT,model_11,SRHW,15.027880600991356
WT,model_110,SRHW,18.042748346468628
WT,model_111,SRHW,17.50972760911897
WT,model_112,SRHW,17.813626041610025
WT,model_113,SRHW,20.779997120129437
WT,model_114,SRHW,23.630340137141964
WT,model_115,SRHW,21.835046824096796
WT,model_116,SRHW,19.538829691324416
WT,model_117,SRHW,23.108958348782284
WT,model_118,SRHW,18.194621868617805
WT,model_119,SRHW,18.015588965279953
WT,model_12,SRHW,14.283361329064444
WT,model_120,SRHW,20.77378383902823
WT,model_121,SRHW,19.43176263975089
WT,model_122,SRHW,17.80979176210701
WT,model_123,SRHW,22.573467277415105
WT,model_124,SRHW,23.899555626846016
WT,model_125,SRHW,21.54774843296546
WT,model_126,SRHW,16.830351669409694
WT,model_127,SRHW,16.786021534824005
WT,model_128,SRHW,19.38381109131201
WT,model_129,SRHW,22.56285294191604
WT,model_13,SRHW,7.691353775337011
WT,model_130,SRHW,21.101408637473487
WT,model_131,SRHW,19.755875382147117
WT,model_132,SRHW,22.091502711527045
WT,model_133,SRHW,14.994882853602112
WT,model_134,SRHW,22.229528749185917
WT,model_135,SRHW,21.07216721877614
WT,model_136,SRHW,21.477897558580196
WT,model_137,SRHW,21.404069224121077
WT,model_138,SRHW,18.68557192398433
WT,model_139,SRHW,20.142501359087994
WT,model_14,SRHW,12.656134541161668
WT,model_140,SRHW,21.345282380276696
WT,model_141,SRHW,19.534668962954537
WT,model_142,SRHW,20.971067368898034
WT,model_143,SRHW,19.858479587864693
WT,model_144,SRHW,19.80771141537
WT,model_145,SRHW,19.42971091059467
WT,model_146,SRHW,21.46112250031671
WT,model_147,SRHW,23.515073058301407
WT,model_148,SRHW,24.67914044772879
WT,model_149,SRHW,20.55714995300762
WT,model_15,SRHW,15.439582521175424
WT,model_150,SRHW,27.216716145219493
WT,model_151,SRHW,26.177988282684762
WT,model_152,SRHW,28.25934339830197
WT,model_153,SRHW,25.165045491648378
WT,model_154,SRHW,26.510378311889518
WT,model_155,SRHW,25.250986710175205
WT,model_156,SRHW,24.972590838027767
WT,model_157,SRHW,25.255172367609585
WT,model_158,SRHW,24.894708514626945
WT,model_159,SRHW,25.34535778948855
WT,model_16,SRHW,13.755894285987603
WT,model_160,SRHW,28.00288006177447
WT,model_161,SRHW,22.786257746612332
WT,model_162,SRHW,23.281091430736463
WT,model_163,SRHW,19.153678116225052
WT,model_164,SRHW,20.07202251788787
WT,model_165,SRHW,20.82129396583412
WT,model_166,SRHW,21.053438693008378
WT,model_167,SRHW,20.65862790935917
WT,model_168,SRHW,22.394998526750005
WT,model_169,SRHW,21.23498224548292
WT,model_17,SRHW,10.083334606944328
WT,model_170,SRHW,21.607054575806853
WT,model_171,SRHW,21.173547339869916
WT,model_172,SRHW,19.39646804224192
WT,model_173,SRHW,21.15762976647439
WT,model_174,SRHW,19.558882347449654
WT,model_175,SRHW,18.91111850044573
WT,model_176,SRHW,20.34344805407128
WT,model_177,SRHW,19.15047034293268
WT,model_178,SRHW,19.162048691806586
WT,model_179,SRHW,21.830233010001557
WT,model_18,SRHW,12.3211299854931
WT,model_180,SRHW,20.95989262989215
WT,model_181,SRHW,22.50326065944302
WT,model_182,SRHW,22.227184545325514
WT,model_183,SRHW,22.712969163669374
WT,model_184,SRHW,16.939580643233263
WT,model_185,SRHW,15.270540350647943
WT,model_186,SRHW,19.4770704239838
WT,model_187,SRHW,18.793639392023284
WT,model_188,SRHW,19.715120428666847
WT,model_189,SRHW,18.03863202028781
WT,model_19,SRHW,15.60014326830611
WT,model_190,SRHW,19.797538559095536
WT,model_191,SRHW,22.69671655631367
WT,model_192,SRHW,23.822137952272886
WT,model_193,SRHW,11.58090940494702
WT,model_194,SRHW,12.532168901998457
WT,model_195,SRHW,14.901315813676618
WT,model_196,SRHW,17.158153016391747
WT,model_197,SRHW,18.7464386534432
WT,model_198,SRHW,18.622808448405003
WT,model_199,SRHW,13.758187600065181
WT,model_2,SRHW,13.841239961481355
WT,model_20,SRHW,13.367320854892714
WT,model_200,SRHW,17.66190272623462
WT,model_201,SRHW,18.79953576074644
WT,model_202,SRHW,16.67018060572957
WT,model_203,SRHW,13.705709314946802
WT,model_204,SRHW,17.825357819095036
WT,model_205,SRHW,14.626361703619365
WT,model_206,SRHW,14.640292509798385
WT,model_207,SRHW,16.051628847592408
WT,model_208,SRHW,18.32390880865657
WT,model_209,SRHW,17.722713766626594
WT,model_21,SRHW,12.767863617738652
WT,model_210,SRHW,25.009354230720657
WT,model_211,SRHW,17.254991800455997
WT,model_212,SRHW,19.69348006390996
WT,model_213,SRHW,18.775048247304838
WT,model_214,SRHW,19.667848084641122
WT,model_215,SRHW,20.20785583828879
WT,model_216,SRHW,15.457206637471476
WT,model_217,SRHW,17.997615165353285
WT,model_218,SRHW,18.06497495457096
WT,model_219,SRHW,18.448408738647803
WT,model_22,SRHW,15.852517634716268
WT,model_220,SRHW,16.641758671254955
WT,model_221,SRHW,18.239361387519665
WT,model_222,SRHW,21.44437093126062
WT,model_223,SRHW,22.291442985718277
WT,model_224,SRHW,7.591913151337549
WT,model_225,SRHW,17.63375540380651
WT,model_226,SRHW,11.34083929136981
WT,model_227,SRHW,13.823148248000397
WT,model_228,SRHW,11.912812657969033
WT,model_229,SRHW,21.509472347620726
WT,model_23,SRHW,15.294021048024266
WT,model_230,SRHW,12.813037917587268
WT,model_231,SRHW,16.126658313757332
WT,model_232,SRHW,10.597617743018422
WT,model_233,SRHW,11.424857573305475
WT,model_234,SRHW,14.070523003842144
WT,model_235,SRHW,16.118375360601096
WT,model_236,SRHW,16.615484631809892
WT,model_237,SRHW,17.30811694098975
WT,model_238,SRHW,18.49720401490084
WT,model_239,SRHW,19.549730304461576
WT,model_24,SRHW,15.177369890194399
WT,model_240,SRHW,14.422952331912095
WT,model_241,SRHW,20.585330099917226
WT,model_242,SRHW,18.35382995569318
WT,model_243,SRHW,16.181039388111955
WT,model_244,SRHW,15.718417921170097
WT,model_245,SRHW,18.842943821893044
WT,model_246,SRHW,17.87753941337698
WT,model_247,SRHW,18.602175557513018
WT,model_248,SRHW,11.6085259221372
WT,model_249,SRHW,11.104466340037975
WT,model_25,SRHW,11.471039613709316
WT,model_250,SRHW,21.515405199438874
WT,model_251,SRHW,18.964070094248214
WT,model_252,SRHW,18.685454683376545
WT,model_253,SRHW,15.174651494085412
WT,model_254,SRHW,19.24789095560937
WT,model_255,SRHW,18.499403607430896
WT,model_256,SRHW,11.035436806695794
WT,model_257,SRHW,14.13989404668111
WT,model_258,SRHW,14.095349076660906
WT,model_259,SRHW,13.78507979971856
WT,model_26,SRHW,9.046292504258535
WT,model_260,SRHW,17.321472272456806
WT,model_261,SRHW,14.496456370544047
WT,model_262,SRHW,14.896027128063428
WT,model_263,SRHW,15.19542722919791
WT,model_264,SRHW,15.953608493416915
WT,model_265,SRHW,16.000916439370975
WT,model_266,SRHW,15.192062369367136
WT,model_267,SRHW,14.222971274952105
WT,model_268,SRHW,13.440372362344787
WT,model_269,SRHW,12.888691502057421
WT,model_27,SRHW,15.820121301422455
WT,model_270,SRHW,13.849004954852944
WT,model_271,SRHW,14.599116491620489
WT,model_272,SRHW,19.69384567202772
WT,model_273,SRHW,15.256562195991817
WT,model_274,SRHW,16.053205978028824
WT,model_275,SRHW,19.026024577217072
WT,model_276,SRHW,14.020750011576862
WT,model_277,SRHW,15.808864853645371
WT,model_278,SRHW,18.73735988971727
WT,model_279,SRHW,17.733491224139048
WT,model_28,SRHW,15.677534806914197
WT,model_280,SRHW,19.774682452535174
WT,model_281,SRHW,16.47286755269037
WT,model_282,SRHW,14.152593405908716
WT,model_283,SRHW,19.03980447809189
WT,model_284,SRHW,14.63766954801685
WT,model_285,SRHW,15.984356390708479
WT,model_286,SRHW,15.17083881616895
WT,model_287,SRHW,19.460295630293338
WT,model_288,SRHW,16.425640198705224
WT,model_289,SRHW,13.127495076599018
WT,model_29,SRHW,12.852936457614149
WT,model_290,SRHW,15.21397131315039
WT,model_291,SRHW,18.428739721517413
WT,model_292,SRHW,17.85237273678007
WT,model_293,SRHW,16.976152252149372
WT,model_294,SRHW,16.672385618283844
WT,model_295,SRHW,18.757368480916604
WT,model_296,SRHW,18.206640020151564
WT,model_297,SRHW,19.0072649356947
WT,model_298,SRHW,17.444356973874097
WT,model_299,SRHW,17.772955723902513
WT,model_3,SRHW,14.394989520884755
WT,model_30,SRHW,14.292776832657365
WT,model_300,SRHW,17.0229449770171
WT,model_301,SRHW,15.881019621925631
WT,model_302,SRHW,18.91873665579343
WT,model_303,SRHW,18.492029571026123
WT,model_304,SRHW,12.645050373898322
WT,model_305,SRHW,14.013759736566762
WT,model_306,SRHW,14.141392200402443
WT,model_307,SRHW,15.284132293415874
WT,model_308,SRHW,13.635619279641595
WT,model_309,SRHW,13.62405158787105
WT,model_31,SRHW,15.286682936403386
WT,model_310,SRHW,12.69377539025711
WT,model_311,SRHW,12.743114433367767
WT,model_312,SRHW,14.597788392385654
WT,model_313,SRHW,13.628007553869601
WT,model_314,SRHW,13.930459597987532
WT,model_315,SRHW,16.12226941459232
WT,model_316,SRHW,14.92022569512928
WT,model_317,SRHW,15.857247559541063
WT,model_318,SRHW,13.685889395636766
WT,model_319,SRHW,14.583938663514537
WT,model_32,SRHW,17.294864634474603
WT,model_320,SRHW,16.42784830851618
WT,model_321,SRHW,14.196130727041194
WT,model_322,SRHW,14.853164485160288
WT,model_323,SRHW,15.245828675962079
WT,model_324,SRHW,16.348668048134492
WT,model_325,SRHW,13.778884088970425
WT,model_326,SRHW,16.160192070123546
WT,model_327,SRHW,17.184972783062335
WT,model_328,SRHW,14.401777524775877
WT,model_329,SRHW,17.26735800883121
WT,model_33,SRHW,13.474077965090274
WT,model_330,SRHW,15.038718781568244
WT,model_331,SRHW,11.832929179461944
WT,model_332,SRHW,17.599701665621385
WT,model_333,SRHW,14.850973692855906
WT,model_334,SRHW,14.806583685971692
WT,model_335,SRHW,16.12747195008622
WT,model_336,SRHW,12.554452268010687
WT,model_337,SRHW,13.772309341861943
WT,model_338,SRHW,17.594885947907084
WT,model_339,SRHW,17.938822815782412
WT,model_34,SRHW,14.083860572682582
WT,model_340,SRHW,12.661840932685077
WT,model_341,SRHW,9.161902649493795
WT,model_342,SRHW,12.56782801287614
WT,model_343,SRHW,12.72665208100653
WT,model_344,SRHW,13.885825649564907
WT,model_345,SRHW,15.565049451080013
WT,model_346,SRHW,7.334136062659866
WT,model_347,SRHW,9.59391388838391
WT,model_348,SRHW,13.217453307165362
WT,model_349,SRHW,11.59377854567991
WT,model_35,SRHW,14.313911494122603
WT,model_350,SRHW,11.625849982593854
WT,model_351,SRHW,14.583289991144545
WT,model_352,SRHW,17.819762147329836
WT,model_353,SRHW,18.053385728222334
WT,model_354,SRHW,14.76039240029729
WT,model_355,SRHW,13.98118707886719
WT,model_356,SRHW,14.377720466433646
WT,model_357,SRHW,13.400234120799025
WT,model_358,SRHW,19.37702674458495
WT,model_359,SRHW,17.21504141409122
WT,model_36,SRHW,13.53443243425639
WT,model_360,SRHW,13.081518084123063
WT,model_361,SRHW,14.136807266735287
WT,model_362,SRHW,14.443139395351832
WT,model_363,SRHW,14.866771222810002
WT,model_364,SRHW,20.31952589065388
WT,model_365,SRHW,14.886336341833168
WT,model_366,SRHW,14.70145162853435
WT,model_367,SRHW,17.663034712082528
WT,model_368,SRHW,17.036108454133448
WT,model_369,SRHW,20.8614583798499
WT,model_37,SRHW,17.085524167999434
WT,model_370,SRHW,18.268038450269263
WT,model_371,SRHW,22.10042306723177
WT,model_372,SRHW,21.6018278107884
WT,model_373,SRHW,19.679154657969683
WT,model_374,SRHW,20.7357101716303
WT,model_375,SRHW,19.314846740270156
WT,model_376,SRHW,18.536391683927373
WT,model_377,SRHW,20.38761664640414
WT,model_378,SRHW,19.782463356798658
WT,model_379,SRHW,17.948401831536223
WT,model_38,SRHW,17.083348798058946
WT,model_380,SRHW,19.598959678527056
WT,model_381,SRHW,15.622268809051432
WT,model_382,SRHW,18.386952955502466
WT,model_383,SRHW,19.730616358150836
WT,model_384,SRHW,16.37311719400689
WT,model_385,SRHW,12.916410636041949
WT,model_386,SRHW,12.271039427785523
WT,model_387,SRHW,20.778799460723583
WT,model_388,SRHW,17.260606838418706
WT,model_389,SRHW,18.009591829054695
WT,model_39,SRHW,14.473727798713872
WT,model_390,SRHW,21.480591181392267
WT,model_391,SRHW,16.48896703106834
WT,model_392,SRHW,11.941600577010174
WT,model_393,SRHW,22.6822846570144
WT,model_394,SRHW,12.908055415462165
WT,model_395,SRHW,13.788650945715998
WT,model_396,SRHW,14.9106378431628
WT,model_397,SRHW,11.993819403743178
WT,model_398,SRHW,12.608699784227401
WT,model_399,SRHW,12.6534715139766
WT,model_4,SRHW,15.67118473119578
WT,model_40,SRHW,15.780653564050935
WT,model_400,SRHW,13.660780336763512
WT,model_401,SRHW,12.351871509919931
WT,model_402,SRHW,13.658193951388082
WT,model_403,SRHW,12.61337379896691
WT,model_404,SRHW,17.54517403683335
WT,model_405,SRHW,14.27800716018576
WT,model_406,SRHW,15.230151270568761
WT,model_407,SRHW,14.342177885360055
WT,model_408,SRHW,15.422747510752714
WT,model_409,SRHW,13.03272796354455
WT,model_41,SRHW,16.329814396569056
WT,model_410,SRHW,20.25240754854104
WT,model_411,SRHW,14.751999306367445
WT,model_412,SRHW,17.274232364311747
WT,model_413,SRHW,19.35174295561984
WT,model_414,SRHW,18.759954597831957
WT,model_415,SRHW,17.923333896504303
WT,model_416,SRHW,16.29006994819413
WT,model_417,SRHW,15.89695767348572
WT,model_418,SRHW,16.0728982378974
WT,model_419,SRHW,16.184520934799224
WT,model_42,SRHW,19.84924725603424
WT,model_420,SRHW,17.645520318200056
WT,model_421,SRHW,21.609485715218803
WT,model_422,SRHW,19.717648483546352
WT,model_423,SRHW,17.153024617278977
WT,model_424,SRHW,17.196478755801827
WT,model_425,SRHW,18.12219735165815
WT,model_426,SRHW,18.373562135175124
WT,model_427,SRHW,17.176944417175566
WT,model_428,SRHW,20.197729684800535
WT,model_429,SRHW,16.259670664722115
WT,model_43,SRHW,19.06232885678206
WT,model_430,SRHW,18.906796318170446
WT,model_431,SRHW,19.32184921639441
WT,model_432,SRHW,19.897013539778413
WT,model_433,SRHW,20.87026687173938
WT,model_434,SRHW,20.31001025646401
WT,model_435,SRHW,19.958089932785352
WT,model_436,SRHW,19.488180271983012
WT,model_437,SRHW,22.139851217614073
WT,model_438,SRHW,16.21510848805472
WT,model_439,SRHW,18.33520403012545
WT,model_44,SRHW,13.997547269388308
WT,model_440,SRHW,18.448721920886967
WT,model_441,SRHW,16.862851738512504
WT,model_442,SRHW,22.2801010102525
WT,model_443,SRHW,23.137731647580857
WT,model_444,SRHW,21.308546280896145
WT,model_445,SRHW,21.97763613979911
WT,model_446,SRHW,22.63900222113462
WT,model_447,SRHW,22.779816915319902
WT,model_448,SRHW,24.13331412543836
WT,model_449,SRHW,21.949546006804894
WT,model_45,SRHW,14.050605524749166
WT,model_450,SRHW,19.306195277729202
WT,model_451,SRHW,22.359596069491783
WT,model_452,SRHW,22.909223960596034
WT,model_453,SRHW,22.451189343545394
WT,model_454,SRHW,19.580688944912662
WT,model_455,SRHW,22.26322870696069
WT,model_456,SRHW,21.51582929348401
WT,model_457,SRHW,21.803154654320423
WT,model_458,SRHW,22.47110207702713
WT,model_459,SRHW,22.503317018494776
WT,model_46,SRHW,17.507019202904402
WT,model_460,SRHW,20.719540138913782
WT,model_461,SRHW,22.58074210270132
WT,model_462,SRHW,19.920714351253707
WT,model_463,SRHW,20.285934830879697
WT,model_464,SRHW,21.923360653291645
WT,model_465,SRHW,19.41752489982135
WT,model_466,SRHW,21.48603242180415
WT,model_467,SRHW,20.292099658992026
WT,model_468,SRHW,18.33121098475712
WT,model_469,SRHW,19.223188201052288
WT,model_47,SRHW,17.75472053088039
WT,model_470,SRHW,24.398631109440622
WT,model_471,SRHW,22.31016864403123
WT,model_472,SRHW,22.89904342582012
WT,model_473,SRHW,25.84948455079805
WT,model_474,SRHW,22.833057200316528
WT,model_475,SRHW,17.90450960493965
WT,model_476,SRHW,24.962017579937523
WT,model_477,SRHW,25.062831401951776
WT,model_478,SRHW,23.15880074862501
WT,model_479,SRHW,22.84279743503153
WT,model_48,SRHW,14.532707418474658
WT,model_480,SRHW,23.585992537286735
WT,model_481,SRHW,22.965554061384072
WT,model_482,SRHW,25.431967027050803
WT,model_483,SRHW,23.640203689491393
WT,model_484,SRHW,25.71807963438863
WT,model_485,SRHW,24.974829498465507
WT,model_486,SRHW,23.52348555076255
WT,model_487,SRHW,25.220714394076168
WT,model_488,SRHW,24.729867045770682
WT,model_489,SRHW,25.72170703778026
WT,model_49,SRHW,12.279758588459563
WT,model_490,SRHW,23.085959850205736
WT,model_491,SRHW,14.922910727095937
WT,model_492,SRHW,17.051461101043852
WT,model_493,SRHW,4.699649817365622
WT,model_494,SRHW,5.045484322339478
WT,model_495,SRHW,5.956919084685557
WT,model_496,SRHW,8.284854442664976
WT,model_497,SRHW,9.85930641929192
WT,model_498,SRHW,8.341851689402006
WT,model_499,SRHW,7.088059995951398
WT,model_5,SRHW,12.901512697972022
WT,model_50,SRHW,14.17626351333477
WT,model_500,SRHW,9.112536493335515
WT,model_501,SRHW,8.918023593461939
WT,model_502,SRHW,11.31616537854843
WT,model_503,SRHW,11.181049319061302
WT,model_504,SRHW,7.792243890038197
WT,model_505,SRHW,8.56086923264643
WT,model_506,SRHW,7.754743272144904
WT,model_507,SRHW,8.9608443627673
WT,model_508,SRHW,10.713770564139438
WT,model_509,SRHW,14.766807521351339
WT,model_51,SRHW,16.44268927332866
WT,model_510,SRHW,16.52001870504677
WT,model_511,SRHW,9.82161651912748
WT,model_512,SRHW,10.719579252508462
WT,model_513,SRHW,11.237323109032861
WT,model_514,SRHW,10.600209101120509
WT,model_515,SRHW,10.999172063397625
WT,model_516,SRHW,11.674205874104876
WT,model_517,SRHW,13.98250298153765
WT,model_518,SRHW,15.837664032582527
WT,model_519,SRHW,12.473313088638905
WT,model_52,SRHW,15.745568228461277
WT,model_520,SRHW,16.189127550222263
WT,model_521,SRHW,7.141844084886445
WT,model_522,SRHW,7.779369755338031
WT,model_523,SRHW,7.975967344969282
WT,model_524,SRHW,12.526932495630708
WT,model_525,SRHW,11.367302252899947
WT,model_526,SRHW,10.232918164099805
WT,model_527,SRHW,14.104547959307139
WT,model_528,SRHW,13.909524457924872
WT,model_529,SRHW,11.875606210545898
WT,model_53,SRHW,14.627830275581985
WT,model_530,SRHW,10.04429744414127
WT,model_531,SRHW,6.300500430942393
WT,model_532,SRHW,15.579003624239268
WT,model_533,SRHW,13.837634248098174
WT,model_534,SRHW,16.905367191845134
WT,model_535,SRHW,13.15951227666441
WT,model_536,SRHW,17.92545555074252
WT,model_537,SRHW,17.673972922627495
WT,model_538,SRHW,22.22407720402282
WT,model_539,SRHW,20.19019342908759
WT,model_54,SRHW,16.396527856323004
WT,model_540,SRHW,22.501668594867766
WT,model_541,SRHW,23.054161206415554
WT,model_542,SRHW,21.170676725177287
WT,model_543,SRHW,20.822636614942397
WT,model_544,SRHW,19.615170675739844
WT,model_545,SRHW,21.28441166832954
WT,model_546,SRHW,19.547792906852216
WT,model_547,SRHW,14.046879502386407
WT,model_548,SRHW,12.809704530056862
WT,model_549,SRHW,16.645961518014136
WT,model_55,SRHW,18.281210878806444
WT,model_550,SRHW,11.003049912826631
WT,model_551,SRHW,14.652420465232845
WT,model_552,SRHW,10.541007303171519
WT,model_553,SRHW,7.0347590787530265
WT,model_554,SRHW,8.005300372155716
WT,model_555,SRHW,8.030932735614108
WT,model_556,SRHW,9.563051856882126
WT,model_557,SRHW,7.616944030060873
WT,model_558,SRHW,14.131036708549637
WT,model_559,SRHW,21.48697716087933
WT,model_56,SRHW,16.56317459509289
WT,model_560,SRHW,20.56651213685984
WT,model_561,SRHW,9.093244446749214
WT,model_562,SRHW,19.097619796572197
WT,model_563,SRHW,7.404434606563511
WT,model_564,SRHW,13.58438142312059
WT,model_565,SRHW,15.17315492647247
WT,model_566,SRHW,12.104211763404017
WT,model_567,SRHW,11.416774517895819
WT,model_568,SRHW,13.0772160563832
WT,model_569,SRHW,13.48210623842988
WT,model_57,SRHW,18.684319907576057
WT,model_570,SRHW,14.784978578219185
WT,model_571,SRHW,10.458209847307856
WT,model_572,SRHW,16.413217209077313
WT,model_573,SRHW,11.785418533066482
WT,model_574,SRHW,10.65680467192495
WT,model_575,SRHW,12.419592063315683
WT,model_576,SRHW,10.136219123189177
WT,model_577,SRHW,15.152150581093508
WT,model_578,SRHW,17.181351820378804
WT,model_579,SRHW,7.7064833360830365
WT,model_58,SRHW,13.09836368907749
WT,model_580,SRHW,5.589462797030058
WT,model_581,SRHW,6.006530191654336
WT,model_582,SRHW,7.195530311570271
WT,model_583,SRHW,7.4933512774911355
WT,model_584,SRHW,11.735223809255531
WT,model_585,SRHW,10.311212007062236
WT,model_586,SRHW,5.105234397310152
WT,model_587,SRHW,9.22994009978694
WT,model_588,SRHW,5.672369882695707
WT,model_589,SRHW,5.5293571213359005
WT,model_59,SRHW,17.960419008535066
WT,model_590,SRHW,5.711927873191219
WT,model_591,SRHW,2.3139676473149273
WT,model_592,SRHW,6.087096434654953
WT,model_593,SRHW,4.976530302767224
WT,model_594,SRHW,6.263924530361704
WT,model_595,SRHW,5.552910109478084
WT,model_596,SRHW,6.3186091585799
WT,model_597,SRHW,6.630314226829382
WT,model_598,SRHW,6.639319461300794
WT,model_599,SRHW,5.505336646059331
WT,model_6,SRHW,10.877522068942627
WT,model_60,SRHW,15.763545097590063
WT,model_600,SRHW,6.200389526871368
WT,model_601,SRHW,7.907394157297783
WT,model_602,SRHW,7.152281778659067
WT,model_603,SRHW,7.554619354122752
WT,model_604,SRHW,7.329382530933622
WT,model_605,SRHW,8.561355839807241
WT,model_606,SRHW,8.272629762348924
WT,model_607,SRHW,5.6507597131846055
WT,model_608,SRHW,6.7218301656708155
WT,model_609,SRHW,6.910250764916587
WT,model_61,SRHW,18.966947764466195
WT,model_610,SRHW,7.445253582484967
WT,model_611,SRHW,7.036849242639911
WT,model_612,SRHW,8.192140705446196
WT,model_613,SRHW,7.888045295002839
WT,model_614,SRHW,8.41522083519355
WT,model_615,SRHW,8.729648682591899
WT,model_616,SRHW,6.945588810059474
WT,model_617,SRHW,8.461396220260411
WT,model_618,SRHW,8.888967988220394
WT,model_619,SRHW,15.410347068523905
WT,model_62,SRHW,18.080393168696347
WT,model_620,SRHW,12.51185056734238
WT,model_621,SRHW,11.778770556822586
WT,model_622,SRHW,12.970325476550336
WT,model_623,SRHW,12.455772539467068
WT,model_624,SRHW,8.353388127947778
WT,model_625,SRHW,6.301051680692694
WT,model_626,SRHW,9.68144188620556
WT,model_627,SRHW,8.976801831805389
WT,model_628,SRHW,8.647288031340008
WT,model_629,SRHW,10.593061514236457
WT,model_63,SRHW,15.466065387341654
WT,model_630,SRHW,11.982282903832374
WT,model_631,SRHW,12.288316306158968
WT,model_632,SRHW,11.117422851446703
WT,model_633,SRHW,12.093210582972098
WT,model_634,SRHW,11.842672084617584
WT,model_635,SRHW,9.536128928986498
WT,model_636,SRHW,10.483134087943485
WT,model_637,SRHW,10.82937773494418
WT,model_638,SRHW,9.797059221417339
WT,model_639,SRHW,11.554151431918042
WT,model_64,SRHW,17.46528023479279
WT,model_640,SRHW,12.87465317699253
WT,model_641,SRHW,12.435704525222274
WT,model_642,SRHW,6.735281146291698
WT,model_643,SRHW,8.205856657400851
WT,model_644,SRHW,7.394715915633609
WT,model_645,SRHW,7.714948559864944
WT,model_646,SRHW,7.209147118629506
WT,model_647,SRHW,7.529055582954319
WT,model_648,SRHW,8.953630872683409
WT,model_649,SRHW,7.509481838865606
WT,model_65,SRHW,15.90652104524892
WT,model_650,SRHW,9.202521322658951
WT,model_651,SRHW,9.043916086150109
WT,model_652,SRHW,10.062364756498404
WT,model_653,SRHW,8.803838141252244
WT,model_654,SRHW,11.997242979048726
WT,model_655,SRHW,10.908062021564882
WT,model_656,SRHW,14.059482803274188
WT,model_657,SRHW,10.77247930618225
WT,model_658,SRHW,11.647603388963477
WT,model_659,SRHW,14.205707747034337
WT,model_66,SRHW,16.04385611877821
WT,model_660,SRHW,12.425462932974206
WT,model_661,SRHW,11.345181870852825
WT,model_662,SRHW,11.6806120675325
WT,model_663,SRHW,16.298702221324536
WT,model_664,SRHW,11.011213130371837
WT,model_665,SRHW,9.983552110411818
WT,model_666,SRHW,11.788998531263607
WT,model_667,SRHW,11.810011434878318
WT,model_668,SRHW,13.7363612202593
WT,model_669,SRHW,12.295610929340691
WT,model_67,SRHW,14.602749940281159
WT,model_670,SRHW,11.82440012213163
WT,model_671,SRHW,14.819684751407292
WT,model_672,SRHW,11.183278540976971
WT,model_673,SRHW,12.606501132873836
WT,model_674,SRHW,12.781345243557322
WT,model_675,SRHW,11.173639915313148
WT,model_676,SRHW,9.661929904945135
WT,model_677,SRHW,10.916365956709042
WT,model_678,SRHW,9.26802791071448
WT,model_679,SRHW,11.849370535478991
WT,model_68,SRHW,18.63911607648496
WT,model_680,SRHW,16.111544605645964
WT,model_681,SRHW,10.932958245889397
WT,model_682,SRHW,8.981484710287466
WT,model_683,SRHW,9.557574211053822
WT,model_684,SRHW,11.295836322631711
WT,model_685,SRHW,10.489130981920843
WT,model_686,SRHW,14.56784852701162
WT,model_687,SRHW,15.434252991293496
WT,model_688,SRHW,14.724861208720139
WT,model_689,SRHW,9.952875700709297
WT,model_69,SRHW,18.289875320893763
WT,model_690,SRHW,11.5107446222385
WT,model_691,SRHW,9.939166436801743
WT,model_692,SRHW,11.951840687225982
WT,model_693,SRHW,8.426810484726332
WT,model_694,SRHW,13.077044851509319
WT,model_695,SRHW,13.612394499467529
WT,model_696,SRHW,13.970285373089695
WT,model_697,SRHW,14.744579848759987
WT,model_698,SRHW,14.495247885578044
WT,model_699,SRHW,10.340479178586946
WT,model_7,SRHW,11.356760128043947
WT,model_70,SRHW,20.411120930507007
WT,model_700,SRHW,5.5683415618142185
WT,model_701,SRHW,6.402806330034913
WT,model_702,SRHW,6.6901983450590565
WT,model_703,SRHW,6.276358150790213
WT,model_704,SRHW,8.028634710444903
WT,model_705,SRHW,8.15946132980215
WT,model_706,SRHW,9.219163368456737
WT,model_707,SRHW,9.90662203301484
WT,model_708,SRHW,10.07006359547312
WT,model_709,SRHW,11.033720615592864
WT,model_71,SRHW,17.38177011964263
WT,model_710,SRHW,10.926554721483809
WT,model_711,SRHW,11.823038437869307
WT,model_712,SRHW,12.743870244315419
WT,model_713,SRHW,5.199694103561816
WT,model_714,SRHW,5.82023906628299
WT,model_715,SRHW,4.213448413880938
WT,model_716,SRHW,5.0860605680985085
WT,model_717,SRHW,7.114120159605312
WT,model_718,SRHW,8.394959455286608
WT,model_719,SRHW,7.592755332343299
WT,model_72,SRHW,15.964720992112385
WT,model_720,SRHW,8.192158925831526
WT,model_721,SRHW,7.906617293988192
WT,model_722,SRHW,8.875101892613342
WT,model_723,SRHW,9.251721479710472
WT,model_724,SRHW,8.542765325283685
WT,model_725,SRHW,9.502385976099825
WT,model_726,SRHW,8.495802976902146
WT,model_727,SRHW,11.368218259837207
WT,model_728,SRHW,10.71901837329866
WT,model_729,SRHW,11.987474764035738
WT,model_73,SRHW,13.243407150319445
WT,model_730,SRHW,7.6653077235759515
WT,model_731,SRHW,9.987997433619269
WT,model_732,SRHW,10.916904863254103
WT,model_733,SRHW,12.387049577085175
WT,model_734,SRHW,14.271646584372336
WT,model_735,SRHW,14.082613122448734
WT,model_736,SRHW,13.962195654131802
WT,model_737,SRHW,12.019106707686575
WT,model_738,SRHW,12.550442960902165
WT,model_739,SRHW,7.335638661224116
WT,model_74,SRHW,13.325638116101194
WT,model_740,SRHW,9.876623804853443
WT,model_741,SRHW,12.607793834420377
WT,model_742,SRHW,14.995930794813306
WT,model_743,SRHW,11.60466789629686
WT,model_744,SRHW,12.549950348087368
WT,model_745,SRHW,14.549107917111616
WT,model_746,SRHW,11.873015038330733
WT,model_747,SRHW,12.660610387205892
WT,model_748,SRHW,10.391560254211786
WT,model_749,SRHW,9.66164523018362
WT,model_75,SRHW,9.67144671272341
WT,model_750,SRHW,10.288608696332545
WT,model_751,SRHW,10.93130018246805
WT,model_752,SRHW,14.011244043555523
WT,model_753,SRHW,15.616644217881435
WT,model_754,SRHW,8.871435739740615
WT,model_755,SRHW,12.15116946761646
WT,model_756,SRHW,15.275514032431127
WT,model_757,SRHW,13.093314427975509
WT,model_758,SRHW,12.915855501250444
WT,model_759,SRHW,13.987599192556095
WT,model_76,SRHW,16.746562858356906
WT,model_760,SRHW,9.115847337643709
WT,model_761,SRHW,15.568866646986717
WT,model_762,SRHW,13.812933901271537
WT,model_763,SRHW,13.861397566935352
WT,model_764,SRHW,13.945133524950556
WT,model_765,SRHW,14.628803741319196
WT,model_766,SRHW,8.078059803145358
WT,model_767,SRHW,7.922092255182979
WT,model_768,SRHW,8.054586398971225
WT,model_769,SRHW,9.198197786374035
WT,model_77,SRHW,14.279041973489571
WT,model_770,SRHW,8.595988540056881
WT,model_771,SRHW,11.50227234644623
WT,model_772,SRHW,15.684463948326613
WT,model_773,SRHW,8.447803470397545
WT,model_774,SRHW,8.584422754910305
WT,model_775,SRHW,7.558460022395259
WT,model_776,SRHW,12.188187874430085
WT,model_777,SRHW,11.72212471781944
WT,model_778,SRHW,10.544855602454314
WT,model_779,SRHW,12.677493668654831
WT,model_78,SRHW,17.051537237096035
WT,model_780,SRHW,12.170728642759492
WT,model_781,SRHW,10.045193193085566
WT,model_782,SRHW,11.237029049726692
WT,model_783,SRHW,10.546858577258313
WT,model_784,SRHW,11.988885417375027
WT,model_785,SRHW,11.77390029751829
WT,model_786,SRHW,9.01478066056251
WT,model_787,SRHW,10.313462842158673
WT,model_788,SRHW,10.799387138019863
WT,model_789,SRHW,13.466953709003018
WT,model_79,SRHW,9.853525068904215
WT,model_790,SRHW,10.964096708025252
WT,model_791,SRHW,10.265431462177462
WT,model_792,SRHW,10.466772970496429
WT,model_793,SRHW,4.155591262092798
WT,model_794,SRHW,4.7252150800832835
WT,model_795,SRHW,12.003445118315895
WT,model_796,SRHW,14.051147758521378
WT,model_8,SRHW,13.990895435728634
WT,model_80,SRHW,15.678089530978475
WT,model_81,SRHW,11.429284443315481
WT,model_82,SRHW,14.056356842819218
WT,model_83,SRHW,15.450619266792305
WT,model_84,SRHW,12.490029696138029
WT,model_85,SRHW,14.34569776068387
WT,model_86,SRHW,14.925401091451533
WT,model_87,SRHW,17.83038804249458
WT,model_88,SRHW,14.535113754003785
WT,model_89,SRHW,17.722748793299935
WT,model_9,SRHW,14.077921827821891
WT,model_90,SRHW,18.55965167273605
WT,model_91,SRHW,18.05443676479166
WT,model_92,SRHW,16.758622985487705
WT,model_93,SRHW,17.721477297957712
WT,model_94,SRHW,18.41844313323854
WT,model_95,SRHW,23.04518473783311
WT,model_96,SRHW,20.386160082687386
WT,model_97,SRHW,21.088191984404375
WT,model_98,SRHW,18.33780330953633
WT,model_99,SRHW,14.532878196548271
