"siteID","S_Training","E_Training","S_Testing","E_Testing"
"us57",1981-01-01,2018-01-15,2018-01-16,2019-12-31
"us198",1981-01-01,2011-11-29,2011-11-30,2019-12-31
"us201",1981-01-01,2016-11-28,2016-11-29,2019-12-31
"us222",1981-01-01,2012-05-31,2012-06-01,2019-12-31
"us231",1981-01-01,2016-08-09,2016-08-10,2019-12-31
"us234",1981-01-01,2011-03-09,2011-03-10,2019-12-31
"us239",1981-01-01,2012-05-08,2012-05-09,2019-12-31
"us243",1981-01-01,2010-09-27,2010-09-28,2019-12-31
"us244",1981-01-01,2016-11-17,2016-11-18,2019-12-31
"us297",1981-01-01,2016-10-05,2016-10-06,2019-12-31
"us320",1981-01-01,2014-11-11,2014-11-12,2019-12-31
"us322",1981-01-01,2012-12-02,2012-12-03,2019-12-31
"us330",1981-01-01,2014-07-01,2014-07-02,2019-12-31
"us331",1981-01-01,2011-07-19,2011-07-20,2019-12-31
"us333",1981-01-01,2011-07-20,2011-07-21,2019-12-31
"us337",1981-01-01,2013-02-18,2013-02-19,2019-12-31
"us339",1981-01-01,2012-12-19,2012-12-20,2019-12-31
"us342",1981-01-01,2016-10-05,2016-10-06,2019-12-31
"us345",1981-01-01,2011-05-19,2011-05-20,2019-12-31
"us351",1981-01-01,2014-04-13,2014-04-14,2019-12-31
"us358",1981-01-01,2014-08-21,2014-08-22,2019-12-31
"us365",1981-01-01,2011-12-08,2011-12-09,2019-12-31
"us369",1981-01-01,2010-12-16,2010-12-17,2019-12-31
"us370",1981-01-01,2016-02-10,2016-02-11,2019-12-31
"us372",1981-01-01,2015-12-27,2015-12-28,2019-12-31
"us373",1981-01-01,2012-07-25,2012-07-26,2019-12-31
"us389",1981-01-01,1994-01-02,1994-01-03,2019-12-31
"us437",1981-01-01,2016-04-04,2016-04-05,2019-12-31
"us453",1981-01-01,2006-04-09,2006-04-10,2019-12-31
"us474",1981-01-01,2013-05-21,2013-05-22,2019-12-31
"us501",1981-01-01,2009-02-17,2009-02-18,2019-12-31
"us515",1981-01-01,2008-09-23,2008-09-24,2019-12-31
"us518",1981-01-01,2012-06-11,2012-06-12,2019-12-31
"us526",1981-01-01,2008-08-20,2008-08-21,2019-12-31
"us529",1981-01-01,2003-11-23,2003-11-24,2019-12-31
"us535",1981-01-01,2008-09-07,2008-09-08,2019-12-31
"us539",1981-01-01,2008-08-20,2008-08-21,2019-12-31
"us540",1981-01-01,2008-08-25,2008-08-26,2019-12-31
"us547",1981-01-01,2008-08-05,2008-08-06,2019-12-31
"us550",1981-01-01,2007-07-02,2007-07-03,2019-12-31
"us560",1981-01-01,2012-09-25,2012-09-26,2019-12-31
"us568",1981-01-01,2007-06-27,2007-06-28,2019-12-31
"us577",1981-01-01,2011-05-04,2011-05-05,2019-12-31
"us578",1981-01-01,2012-09-04,2012-09-05,2019-12-31
"us588",1981-01-01,2008-06-25,2008-06-26,2019-12-31
"us593",1981-01-01,2008-08-26,2008-08-27,2019-12-31
"us594",1981-01-01,2008-04-30,2008-05-01,2019-12-31
"us651",1981-01-01,2013-12-17,2013-12-18,2019-12-31
"us653",1981-01-01,2013-05-20,2013-05-21,2019-12-31
"us658",1981-01-01,2015-10-13,2015-10-14,2019-12-31
"us660",1981-01-01,2009-03-03,2009-03-04,2019-12-31
"us668",1981-01-01,2015-09-23,2015-09-24,2019-12-31
"us670",1981-01-01,2015-07-28,2015-07-29,2019-12-31
"us686",1981-01-01,2015-01-14,2015-01-15,2019-12-31
"us694",1981-01-01,2013-07-23,2013-07-24,2019-12-31
"us701",1981-01-01,2004-05-16,2004-05-17,2019-12-31
"us702",1981-01-01,2015-07-20,2015-07-21,2019-12-31
"us706",1981-01-01,2016-04-13,2016-04-14,2019-12-31
"us714",1981-01-01,2010-08-31,2010-09-01,2019-12-31
"us724",1981-01-01,2015-09-28,2015-09-29,2019-12-31
"us729",1981-01-01,2015-10-28,2015-10-29,2019-12-31
"us733",1981-01-01,2017-04-25,2017-04-26,2019-12-31
"us734",1981-01-01,2015-06-28,2015-06-29,2019-12-31
"us745",1981-01-01,2015-07-14,2015-07-15,2019-12-31
"us756",1981-01-01,2007-08-08,2007-08-09,2019-12-31
"us760",1981-01-01,2017-03-27,2017-03-28,2019-12-31
"us764",1981-01-01,2015-05-10,2015-05-11,2019-12-31
"us770",1981-01-01,2004-06-22,2004-06-23,2019-12-31
"us775",1981-01-01,2004-06-30,2004-07-01,2019-12-31
"us776",1981-01-01,2005-07-18,2005-07-19,2019-12-31
"us778",1981-01-01,2008-09-01,2008-09-02,2019-12-31
"us799",1981-01-01,2011-08-29,2011-08-30,2019-12-31
"us833",1981-01-01,2014-11-16,2014-11-17,2019-12-31
"us853",1981-01-01,2015-10-05,2015-10-06,2019-12-31
"us855",1981-01-01,2016-11-30,2016-12-01,2019-12-31
"us859",1981-01-01,2015-10-27,2015-10-28,2019-12-31
"us865",1981-01-01,2004-08-16,2004-08-17,2019-12-31
"us866",1981-01-01,2015-12-02,2015-12-03,2019-12-31
"us879",1981-01-01,2012-11-12,2012-11-13,2019-12-31
"us881",1981-01-01,2015-10-14,2015-10-15,2019-12-31
"us891",1981-01-01,2016-11-20,2016-11-21,2019-12-31
"us892",1981-01-01,2016-05-31,2016-06-01,2019-12-31
"us893",1981-01-01,2015-12-14,2015-12-15,2019-12-31
"us894",1981-01-01,2015-10-12,2015-10-13,2019-12-31
"us904",1981-01-01,2016-12-06,2016-12-07,2019-12-31
"us945",1981-01-01,2015-02-01,2015-02-02,2019-12-31
"us997",1981-01-01,2008-05-11,2008-05-12,2019-12-31
"us1005",1981-01-01,2018-03-04,2018-03-05,2019-12-31
"us1019",1981-01-01,2015-05-10,2015-05-11,2019-12-31
"us1025",1981-01-01,2016-05-10,2016-05-11,2019-12-31
"us1029",1981-01-01,2016-05-22,2016-05-23,2019-12-31
"us1037",1981-01-01,2002-06-09,2002-06-10,2019-12-31
"us1042",1981-01-01,2016-10-18,2016-10-19,2019-12-31
"us1049",1981-01-01,2016-05-22,2016-05-23,2019-12-31
"us1059",1981-01-01,2014-07-16,2014-07-17,2019-12-31
"us1064",1981-01-01,2014-07-16,2014-07-17,2019-12-31
"us1072",1981-01-01,2017-06-14,2017-06-15,2019-12-31
"us1102",1981-01-01,2016-11-07,2016-11-08,2019-12-31
"us1103",1981-01-01,2016-11-07,2016-11-08,2019-12-31
"us1105",1981-01-01,2017-02-27,2017-02-28,2019-12-31
"us1112",1981-01-01,2015-06-19,2015-06-20,2019-12-31
"us1113",1981-01-01,2015-05-18,2015-05-19,2019-12-31
"us1122",1981-01-01,2016-11-08,2016-11-09,2019-12-31
"us1126",1981-01-01,2017-02-27,2017-02-28,2019-12-31
"us1128",1981-01-01,2014-12-16,2014-12-17,2019-12-31
"us1129",1981-01-01,2015-05-12,2015-05-13,2019-12-31
"us1130",1981-01-01,2009-07-07,2009-07-08,2019-12-31
"us1147",1981-01-01,2016-06-16,2016-06-17,2019-12-31
"us1148",1981-01-01,2008-10-14,2008-10-15,2019-12-31
"us1157",1981-01-01,2016-10-17,2016-10-18,2019-12-31
"us1162",1981-01-01,2007-10-08,2007-10-09,2019-12-31
"us1168",1981-01-01,2008-01-28,2008-01-29,2019-12-31
"us1190",1981-01-01,2016-12-01,2016-12-02,2019-12-31
"us1207",1981-01-01,2008-04-14,2008-04-15,2019-12-31
"us1216",1981-01-01,2008-09-07,2008-09-08,2019-12-31
"us1217",1981-01-01,2015-10-01,2015-10-02,2019-12-31
"us1286",1981-01-01,1994-04-17,1994-04-18,2019-12-31
"us1291",1981-01-01,2012-04-18,2012-04-19,2019-12-31
"us1295",1981-01-01,2007-03-06,2007-03-07,2019-12-31
"us1296",1981-01-01,2007-05-29,2007-05-30,2019-12-31
"us1297",1981-01-01,2007-04-15,2007-04-16,2019-12-31
"us1300",1981-01-01,2005-12-14,2005-12-15,2019-12-31
"us1314",1981-01-01,2015-12-28,2015-12-29,2019-12-31
"us1323",1981-01-01,2013-11-20,2013-11-21,2019-12-31
"us1326",1981-01-01,2015-06-03,2015-06-04,2019-12-31
"us1347",1981-01-01,2011-05-31,2011-06-01,2019-12-31
"us1354",1981-01-01,2010-12-02,2010-12-03,2019-12-31
"us1356",1981-01-01,2014-10-22,2014-10-23,2019-12-31
"us1568",1981-01-01,2005-03-22,2005-03-23,2019-12-31
"us1573",1981-01-01,2008-06-02,2008-06-03,2019-12-31
"us1581",1981-01-01,2005-09-26,2005-09-27,2019-12-31
"us1582",1981-01-01,2014-06-23,2014-06-24,2019-12-31
"us1585",1981-01-01,2012-05-22,2012-05-23,2019-12-31
"us1640",1981-01-01,2015-08-10,2015-08-11,2019-12-31
"us1641",1981-01-01,2017-04-17,2017-04-18,2019-12-31
"us1643",1981-01-01,2012-02-13,2012-02-14,2019-12-31
"us1646",1981-01-01,2012-04-17,2012-04-18,2019-12-31
"us1647",1981-01-01,1999-03-04,1999-03-05,2019-12-31
"us1648",1981-01-01,2014-05-14,2014-05-15,2019-12-31
"us1649",1981-01-01,2012-04-09,2012-04-10,2019-12-31
"us1651",1981-01-01,2011-11-03,2011-11-04,2019-12-31
"us1652",1981-01-01,2007-03-04,2007-03-05,2019-12-31
"us1653",1981-01-01,2008-01-31,2008-02-01,2019-12-31
"us1655",1981-01-01,2011-10-23,2011-10-24,2019-12-31
"us1658",1981-01-01,2012-08-20,2012-08-21,2019-12-31
"us1659",1981-01-01,2013-02-21,2013-02-22,2019-12-31
"us1668",1981-01-01,2016-11-14,2016-11-15,2019-12-31
"us1670",1981-01-01,2012-01-11,2012-01-12,2019-12-31
"us1680",1981-01-01,2013-09-10,2013-09-11,2019-12-31
"us1789",1981-01-01,2004-08-08,2004-08-09,2019-12-31
"us1792",1981-01-01,2008-04-22,2008-04-23,2019-12-31
"us1829",1981-01-01,2004-08-10,2004-08-11,2019-12-31
"us1842",1981-01-01,2013-02-06,2013-02-07,2019-12-31
"us1857",1981-01-01,2003-11-19,2003-11-20,2019-12-31
"us1863",1981-01-01,2007-12-04,2007-12-05,2019-12-31
"us1867",1981-01-01,2003-09-08,2003-09-09,2019-12-31
"us1870",1981-01-01,2006-07-02,2006-07-03,2019-12-31
"us1883",1981-01-01,2002-09-17,2002-09-18,2019-12-31
"us1897",1981-01-01,2004-04-25,2004-04-26,2019-12-31
"us1907",1981-01-01,2006-11-20,2006-11-21,2019-12-31
"us1915",1981-01-01,2012-06-10,2012-06-11,2019-12-31
"us1924",1981-01-01,2001-11-19,2001-11-20,2019-12-31
"us1971",1981-01-01,2012-09-29,2012-09-30,2019-12-31
"us1973",1981-01-01,2012-09-17,2012-09-18,2019-12-31
"us1975",1981-01-01,2007-06-14,2007-06-15,2019-12-31
"us1977",1981-01-01,2007-04-10,2007-04-11,2019-12-31
"us1985",1981-01-01,2015-02-26,2015-02-27,2019-12-31
"us1989",1981-01-01,2016-10-31,2016-11-01,2019-12-31
"us1990",1981-01-01,2017-08-07,2017-08-08,2019-12-31
"us1991",1981-01-01,2013-11-04,2013-11-05,2019-12-31
"us1992",1981-01-01,2015-08-24,2015-08-25,2019-12-31
"us1993",1981-01-01,2006-12-18,2006-12-19,2019-12-31
"us1995",1981-01-01,2016-10-31,2016-11-01,2019-12-31
"us2002",1981-01-01,2016-06-13,2016-06-14,2019-12-31
"us2005",1981-01-01,2010-11-21,2010-11-22,2019-12-31
"us2006",1981-01-01,2012-03-11,2012-03-12,2019-12-31
"us2007",1981-01-01,2017-06-11,2017-06-12,2019-12-31
"us2008",1981-01-01,2014-02-09,2014-02-10,2019-12-31
"us2040",1981-01-01,2015-04-06,2015-04-07,2019-12-31
"us2042",1981-01-01,2005-05-24,2005-05-25,2019-12-31
"us2049",1981-01-01,2014-03-18,2014-03-19,2019-12-31
"us2057",1981-01-01,2015-02-02,2015-02-03,2019-12-31
"us2066",1981-01-01,2016-08-24,2016-08-25,2019-12-31
"us2115",1981-01-01,2015-03-11,2015-03-12,2019-12-31
"us2116",1981-01-01,2015-08-16,2015-08-17,2019-12-31
"us2127",1981-01-01,2012-01-17,2012-01-18,2019-12-31
"us2145",1981-01-01,2014-01-13,2014-01-14,2019-12-31
"us2146",1981-01-01,2015-03-02,2015-03-03,2019-12-31
"us2148",1981-01-01,2014-12-01,2014-12-02,2019-12-31
"us2184",1981-01-01,2013-06-11,2013-06-12,2019-12-31
"us2207",1981-01-01,2007-09-10,2007-09-11,2019-12-31
"us2210",1981-01-01,2009-12-06,2009-12-07,2019-12-31
"us2346",1981-01-01,2016-04-26,2016-04-27,2019-12-31
"us2349",1981-01-01,2015-09-15,2015-09-16,2019-12-31
"us2374",1981-01-01,2016-10-12,2016-10-13,2019-12-31
"us2377",1981-01-01,2016-06-19,2016-06-20,2019-12-31
"us2387",1981-01-01,2015-11-22,2015-11-23,2019-12-31
"us2426",1981-01-01,2015-08-04,2015-08-05,2019-12-31
"us2437",1981-01-01,2016-05-24,2016-05-25,2019-12-31
"us2445",1981-01-01,2014-09-14,2014-09-15,2019-12-31
"us2449",1981-01-01,2012-12-05,2012-12-06,2019-12-31
"us2471",1981-01-01,2015-10-26,2015-10-27,2019-12-31
"us2472",1981-01-01,2015-09-07,2015-09-08,2019-12-31
"us2475",1981-01-01,2015-09-07,2015-09-08,2019-12-31
"us2477",1981-01-01,2016-08-07,2016-08-08,2019-12-31
"us2479",1981-01-01,2015-09-13,2015-09-14,2019-12-31
"us2480",1981-01-01,2015-05-26,2015-05-27,2019-12-31
"us2481",1981-01-01,2015-07-19,2015-07-20,2019-12-31
"us2665",1981-01-01,2013-05-29,2013-05-30,2019-12-31
"us2800",1981-01-01,1993-06-09,1993-06-10,2019-12-31
"us2922",1981-01-01,1995-03-28,1995-03-29,2019-12-31
"us2926",1981-01-01,1994-09-05,1994-09-06,2019-12-31
"us2927",1981-01-01,1994-08-09,1994-08-10,2019-12-31
"us2945",1981-01-01,1994-02-16,1994-02-17,2019-12-31
"us2946",1981-01-01,1994-05-17,1994-05-18,2019-12-31
"us2991",1981-01-01,2010-09-06,2010-09-07,2019-12-31
"us3038",1981-01-01,1994-05-10,1994-05-11,2019-12-31
"us3039",1981-01-01,1994-05-16,1994-05-17,2019-12-31
"us3041",1981-01-01,1994-04-18,1994-04-19,2019-12-31
"us3045",1981-01-01,1994-04-05,1994-04-06,2019-12-31
"us3141",1981-01-01,2008-06-03,2008-06-04,2019-12-31
"us3145",1981-01-01,2004-02-17,2004-02-18,2019-12-31
"us3250",1981-01-01,2007-07-04,2007-07-05,2019-12-31
"us3308",1981-01-01,2015-12-01,2015-12-02,2019-12-31
"us3326",1981-01-01,2016-04-10,2016-04-11,2019-12-31
"us3352",1981-01-01,2015-06-29,2015-06-30,2019-12-31
"us3363",1981-01-01,2016-03-13,2016-03-14,2019-12-31
"us3374",1981-01-01,2017-09-10,2017-09-11,2019-12-31
"us3451",1981-01-01,2015-08-17,2015-08-18,2019-12-31
"us3501",1981-01-01,2009-08-09,2009-08-10,2019-12-31
"us3536",1981-01-01,2011-12-04,2011-12-05,2019-12-31
"us3544",1981-01-01,2015-12-20,2015-12-21,2019-12-31
"us3568",1981-01-01,2002-09-03,2002-09-04,2019-12-31
"us3582",1981-01-01,2016-08-28,2016-08-29,2019-12-31
"us3589",1981-01-01,2015-09-23,2015-09-24,2019-12-31
"us3608",1981-01-01,2015-07-20,2015-07-21,2019-12-31
"us3627",1981-01-01,2008-03-30,2008-03-31,2019-12-31
"us3636",1981-01-01,2014-05-21,2014-05-22,2019-12-31
"us3659",1981-01-01,2015-08-18,2015-08-19,2019-12-31
"us3670",1981-01-01,2017-06-30,2017-07-01,2019-12-31
"us3726",1981-01-01,2015-08-02,2015-08-03,2019-12-31
"us3728",1981-01-01,2016-06-05,2016-06-06,2019-12-31
"us3735",1981-01-01,2005-07-05,2005-07-06,2019-12-31
"us3746",1981-01-01,2012-06-25,2012-06-26,2019-12-31
"us3801",1981-01-01,2016-01-05,2016-01-06,2019-12-31
"us3806",1981-01-01,2015-04-05,2015-04-06,2019-12-31
"us3807",1981-01-01,2013-11-03,2013-11-04,2019-12-31
"us3818",1981-01-01,1994-02-13,1994-02-14,2019-12-31
"us3834",1981-01-01,2016-08-02,2016-08-03,2019-12-31
"us3845",1981-01-01,2016-05-22,2016-05-23,2019-12-31
"us3848",1981-01-01,2016-05-22,2016-05-23,2019-12-31
"us3853",1981-01-01,2016-04-10,2016-04-11,2019-12-31
"us3861",1981-01-01,2016-09-11,2016-09-12,2019-12-31
"us3863",1981-01-01,2016-08-28,2016-08-29,2019-12-31
"us3864",1981-01-01,2016-07-11,2016-07-12,2019-12-31
"us3901",1981-01-01,2012-08-01,2012-08-02,2019-12-31
"us3903",1981-01-01,2015-12-01,2015-12-02,2019-12-31
"us3924",1981-01-01,2006-11-27,2006-11-28,2019-12-31
"us4008",1981-01-01,2012-12-18,2012-12-19,2019-12-31
"us4021",1981-01-01,2008-09-08,2008-09-09,2019-12-31
"us4024",1981-01-01,2011-01-17,2011-01-18,2019-12-31
"us4057",1981-01-01,2012-09-16,2012-09-17,2019-12-31
"us4062",1981-01-01,2013-01-27,2013-01-28,2019-12-31
"us4068",1981-01-01,2012-04-23,2012-04-24,2019-12-31
"us4070",1981-01-01,2012-11-06,2012-11-07,2019-12-31
"us4071",1981-01-01,2011-10-24,2011-10-25,2019-12-31
"us4073",1981-01-01,2012-04-23,2012-04-24,2019-12-31
"us4074",1981-01-01,2012-09-17,2012-09-18,2019-12-31
"us4079",1981-01-01,2015-07-05,2015-07-06,2019-12-31
"us4114",1981-01-01,2012-08-14,2012-08-15,2019-12-31
"us4131",1981-01-01,2009-04-29,2009-04-30,2019-12-31
"us4168",1981-01-01,2016-03-21,2016-03-22,2019-12-31
"us4170",1981-01-01,2015-01-19,2015-01-20,2019-12-31
"us4178",1981-01-01,2011-04-17,2011-04-18,2019-12-31
"us4200",1981-01-01,2009-07-28,2009-07-29,2019-12-31
"us4212",1981-01-01,2011-05-17,2011-05-18,2019-12-31
"us4219",1981-01-01,2013-03-11,2013-03-12,2019-12-31
"us4220",1981-01-01,2010-09-12,2010-09-13,2019-12-31
"us4221",1981-01-01,2011-03-01,2011-03-02,2019-12-31
"us4223",1981-01-01,2012-11-05,2012-11-06,2019-12-31
"us4237",1981-01-01,2004-10-11,2004-10-12,2019-12-31
"us4254",1981-01-01,1996-04-23,1996-04-24,2019-12-31
"us4260",1981-01-01,1996-04-22,1996-04-23,2019-12-31
"us4270",1981-01-01,2006-01-18,2006-01-19,2019-12-31
"us4271",1981-01-01,1995-12-12,1995-12-13,2019-12-31
"us4272",1981-01-01,2012-11-06,2012-11-07,2019-12-31
"us4273",1981-01-01,2012-07-10,2012-07-11,2019-12-31
"us4285",1981-01-01,1996-08-12,1996-08-13,2019-12-31
"us4287",1981-01-01,1996-05-20,1996-05-21,2019-12-31
"us4290",1981-01-01,2012-12-03,2012-12-04,2019-12-31
"us4292",1981-01-01,2012-11-06,2012-11-07,2019-12-31
"us4312",1981-01-01,1994-09-06,1994-09-07,2019-12-31
"us4314",1981-01-01,2008-08-03,2008-08-04,2019-12-31
"us4317",1981-01-01,1994-07-06,1994-07-07,2019-12-31
"us4322",1981-01-01,1994-06-28,1994-06-29,2019-12-31
"us4324",1981-01-01,1994-06-28,1994-06-29,2019-12-31
"us4327",1981-01-01,1994-07-12,1994-07-13,2019-12-31
"us4345",1981-01-01,1994-03-29,1994-03-30,2019-12-31
"us4349",1981-01-01,1994-02-15,1994-02-16,2019-12-31
"us4351",1981-01-01,1994-05-10,1994-05-11,2019-12-31
"us4353",1981-01-01,1993-02-01,1993-02-02,2019-12-31
"us4355",1981-01-01,1992-08-03,1992-08-04,2019-12-31
"us4356",1981-01-01,1991-12-17,1991-12-18,2019-12-31
"us4414",1981-01-01,2014-07-17,2014-07-18,2019-12-31
"us4513",1981-01-01,2017-03-20,2017-03-21,2019-12-31
"us4520",1981-01-01,2015-02-10,2015-02-11,2019-12-31
"us4531",1981-01-01,2007-05-01,2007-05-02,2019-12-31
"us4538",1981-01-01,2011-11-07,2011-11-08,2019-12-31
"us4546",1981-01-01,2012-11-13,2012-11-14,2019-12-31
"us4555",1981-01-01,2007-10-29,2007-10-30,2019-12-31
"us4562",1981-01-01,2015-08-25,2015-08-26,2019-12-31
"us4567",1981-01-01,2006-09-27,2006-09-28,2019-12-31
"us4569",1981-01-01,2011-10-24,2011-10-25,2019-12-31
"us4570",1981-01-01,2012-05-24,2012-05-25,2019-12-31
"us4571",1981-01-01,2012-06-19,2012-06-20,2019-12-31
"us4572",1981-01-01,2010-07-14,2010-07-15,2019-12-31
"us4574",1981-01-01,2011-07-13,2011-07-14,2019-12-31
"us4575",1981-01-01,2009-10-27,2009-10-28,2019-12-31
"us4577",1981-01-01,2011-07-12,2011-07-13,2019-12-31
"us4578",1981-01-01,2010-06-08,2010-06-09,2019-12-31
"us4586",1981-01-01,2010-11-09,2010-11-10,2019-12-31
"us4587",1981-01-01,2011-10-04,2011-10-05,2019-12-31
"us4590",1981-01-01,2010-01-12,2010-01-13,2019-12-31
"us4591",1981-01-01,2013-01-07,2013-01-08,2019-12-31
"us4592",1981-01-01,2011-10-23,2011-10-24,2019-12-31
"us4600",1981-01-01,2011-01-19,2011-01-20,2019-12-31
"us4601",1981-01-01,2011-12-19,2011-12-20,2019-12-31
"us4602",1981-01-01,2012-11-04,2012-11-05,2019-12-31
"us4603",1981-01-01,2009-09-14,2009-09-15,2019-12-31
"us4608",1981-01-01,2015-03-10,2015-03-11,2019-12-31
"us4639",1981-01-01,1992-01-27,1992-01-28,2019-12-31
"us4661",1981-01-01,2012-04-09,2012-04-10,2019-12-31
"us4663",1981-01-01,2011-08-08,2011-08-09,2019-12-31
"us4700",1981-01-01,2010-06-15,2010-06-16,2019-12-31
"us4703",1981-01-01,2013-03-10,2013-03-11,2019-12-31
"us4720",1981-01-01,2005-04-05,2005-04-06,2019-12-31
"us4722",1981-01-01,2004-09-01,2004-09-02,2019-12-31
"us4833",1981-01-01,2012-02-14,2012-02-15,2019-12-31
"us4836",1981-01-01,2012-02-14,2012-02-15,2019-12-31
"us4853",1981-01-01,2013-11-11,2013-11-12,2019-12-31
"us4856",1981-01-01,2016-06-26,2016-06-27,2019-12-31
"us4859",1981-01-01,1994-09-05,1994-09-06,2019-12-31
"us4868",1981-01-01,2007-08-08,2007-08-09,2019-12-31
"us4923",1981-01-01,2016-04-11,2016-04-12,2019-12-31
"us4924",1981-01-01,2000-03-01,2000-03-02,2019-12-31
"us4948",1981-01-01,2014-04-07,2014-04-08,2019-12-31
"us4949",1981-01-01,2013-08-13,2013-08-14,2019-12-31
"us4951",1981-01-01,2009-09-13,2009-09-14,2019-12-31
"us4957",1981-01-01,1996-10-16,1996-10-17,2019-12-31
"us4959",1981-01-01,2009-01-06,2009-01-07,2019-12-31
"us4962",1981-01-01,2015-09-02,2015-09-03,2019-12-31
"us5010",1981-01-01,2015-01-12,2015-01-13,2019-12-31
"us5011",1981-01-01,2015-03-09,2015-03-10,2019-12-31
"us5035",1981-01-01,2010-11-29,2010-11-30,2019-12-31
"us5046",1981-01-01,2011-05-25,2011-05-26,2019-12-31
"us5056",1981-01-01,2012-04-30,2012-05-01,2019-12-31
"us5173",1981-01-01,2016-10-06,2016-10-07,2019-12-31
"us5178",1981-01-01,2012-07-04,2012-07-05,2019-12-31
"us5190",1981-01-01,2017-07-19,2017-07-20,2019-12-31
"us5204",1981-01-01,2017-08-28,2017-08-29,2019-12-31
"us5213",1981-01-01,2010-01-12,2010-01-13,2019-12-31
"us5217",1981-01-01,2010-10-04,2010-10-05,2019-12-31
"us5250",1981-01-01,2010-10-20,2010-10-21,2019-12-31
"us5260",1981-01-01,2012-10-21,2012-10-22,2019-12-31
"us5273",1981-01-01,2010-03-21,2010-03-22,2019-12-31
"us5315",1981-01-01,2013-05-19,2013-05-20,2019-12-31
"us5316",1981-01-01,2010-10-31,2010-11-01,2019-12-31
"us5324",1981-01-01,2013-03-31,2013-04-01,2019-12-31
"us5368",1981-01-01,2013-09-15,2013-09-16,2019-12-31
"us5369",1981-01-01,2013-03-18,2013-03-19,2019-12-31
"us5381",1981-01-01,2002-11-14,2002-11-15,2019-12-31
"us5386",1981-01-01,2009-08-23,2009-08-24,2019-12-31
"us5387",1981-01-01,2012-09-05,2012-09-06,2019-12-31
"us5388",1981-01-01,2005-10-18,2005-10-19,2019-12-31
"us5389",1981-01-01,2010-05-18,2010-05-19,2019-12-31
"us5390",1981-01-01,2011-05-15,2011-05-16,2019-12-31
"us5392",1981-01-01,1999-04-12,1999-04-13,2019-12-31
"us5399",1981-01-01,2010-10-19,2010-10-20,2019-12-31
"us5400",1981-01-01,2015-09-02,2015-09-03,2019-12-31
"us5401",1981-01-01,2014-12-08,2014-12-09,2019-12-31
"us5402",1981-01-01,2016-02-01,2016-02-02,2019-12-31
"us5403",1981-01-01,2008-08-27,2008-08-28,2019-12-31
"us5408",1981-01-01,2004-07-06,2004-07-07,2019-12-31
"us5415",1981-01-01,2012-10-15,2012-10-16,2019-12-31
"us5417",1981-01-01,2008-03-23,2008-03-24,2019-12-31
"us5418",1981-01-01,2007-12-17,2007-12-18,2019-12-31
"us5419",1981-01-01,2012-10-31,2012-11-01,2019-12-31
"us5425",1981-01-01,2011-06-12,2011-06-13,2019-12-31
"us5440",1981-01-01,2011-07-04,2011-07-05,2019-12-31
"us5441",1981-01-01,2013-07-15,2013-07-16,2019-12-31
"us5446",1981-01-01,2011-03-13,2011-03-14,2019-12-31
"us5455",1981-01-01,2004-12-29,2004-12-30,2019-12-31
"us5459",1981-01-01,2006-06-06,2006-06-07,2019-12-31
"us5479",1981-01-01,1993-02-17,1993-02-18,2019-12-31
"us5484",1981-01-01,2014-04-08,2014-04-09,2019-12-31
"us5486",1981-01-01,NA,NA,2019-12-31
"us5488",1981-01-01,2012-07-08,2012-07-09,2019-12-31
"us5492",1981-01-01,1999-12-14,1999-12-15,2019-12-31
"us5495",1981-01-01,2016-12-04,2016-12-05,2019-12-31
"us5497",1981-01-01,2017-01-02,2017-01-03,2019-12-31
"us5498",1981-01-01,2013-11-11,2013-11-12,2019-12-31
"us5500",1981-01-01,2012-08-29,2012-08-30,2019-12-31
"us5503",1981-01-01,2011-11-28,2011-11-29,2019-12-31
"us5504",1981-01-01,2012-08-29,2012-08-30,2019-12-31
"us5506",1981-01-01,2015-07-12,2015-07-13,2019-12-31
"us5510",1981-01-01,2014-01-08,2014-01-09,2019-12-31
"us5511",1981-01-01,2014-12-07,2014-12-08,2019-12-31
"us5512",1981-01-01,2011-08-28,2011-08-29,2019-12-31
"us5514",1981-01-01,2013-05-12,2013-05-13,2019-12-31
"us5524",1981-01-01,1999-06-15,1999-06-16,2019-12-31
"us5536",1981-01-01,1999-03-03,1999-03-04,2019-12-31
"us5553",1981-01-01,2010-05-31,2010-06-01,2019-12-31
"us5554",1981-01-01,2015-02-24,2015-02-25,2019-12-31
"us5558",1981-01-01,2015-04-07,2015-04-08,2019-12-31
"us5646",1981-01-01,2018-01-08,2018-01-09,2019-12-31
"us5648",1981-01-01,2013-10-21,2013-10-22,2019-12-31
"us5649",1981-01-01,2016-04-11,2016-04-12,2019-12-31
"us5650",1981-01-01,2013-11-04,2013-11-05,2019-12-31
"us5651",1981-01-01,2010-05-18,2010-05-19,2019-12-31
"us5652",1981-01-01,2016-04-11,2016-04-12,2019-12-31
"us5653",1981-01-01,2008-01-22,2008-01-23,2019-12-31
"us5654",1981-01-01,2008-01-22,2008-01-23,2019-12-31
"us5657",1981-01-01,2015-05-24,2015-05-25,2019-12-31
"us5658",1981-01-01,2014-10-09,2014-10-10,2019-12-31
"us5659",1981-01-01,2013-04-17,2013-04-18,2019-12-31
"us5660",1981-01-01,2014-03-15,2014-03-16,2019-12-31
"us5661",1981-01-01,2014-03-16,2014-03-17,2019-12-31
"us5665",1981-01-01,2006-05-04,2006-05-05,2019-12-31
"us5666",1981-01-01,2005-10-25,2005-10-26,2019-12-31
"us5668",1981-01-01,2010-11-07,2010-11-08,2019-12-31
"us5669",1981-01-01,2013-05-21,2013-05-22,2019-12-31
"us5671",1981-01-01,2011-06-08,2011-06-09,2019-12-31
"us5672",1981-01-01,2012-08-23,2012-08-24,2019-12-31
"us5673",1981-01-01,2014-02-12,2014-02-13,2019-12-31
"us5674",1981-01-01,2013-01-30,2013-01-31,2019-12-31
"us5675",1981-01-01,2006-05-02,2006-05-03,2019-12-31
"us5676",1981-01-01,2013-12-01,2013-12-02,2019-12-31
"us5695",1981-01-01,1996-10-16,1996-10-17,2019-12-31
"us5699",1981-01-01,2013-08-12,2013-08-13,2019-12-31
"us5700",1981-01-01,2012-05-08,2012-05-09,2019-12-31
"us5702",1981-01-01,2010-06-30,2010-07-01,2019-12-31
"us5722",1981-01-01,2011-11-29,2011-11-30,2019-12-31
"us5725",1981-01-01,2011-11-29,2011-11-30,2019-12-31
"us5726",1981-01-01,2012-02-27,2012-02-28,2019-12-31
"us5727",1981-01-01,2014-04-07,2014-04-08,2019-12-31
"us5735",1981-01-01,2012-09-17,2012-09-18,2019-12-31
"us5736",1981-01-01,2014-07-08,2014-07-09,2019-12-31
"us5737",1981-01-01,2011-03-06,2011-03-07,2019-12-31
"us5739",1981-01-01,2007-06-12,2007-06-13,2019-12-31
"us5744",1981-01-01,2012-11-07,2012-11-08,2019-12-31
"us5765",1981-01-01,2013-03-29,2013-03-30,2019-12-31
"us5766",1981-01-01,2015-04-05,2015-04-06,2019-12-31
"us5796",1981-01-01,2015-08-31,2015-09-01,2019-12-31
"us5798",1981-01-01,2013-06-05,2013-06-06,2019-12-31
"us5837",1981-01-01,2005-08-02,2005-08-03,2019-12-31
"us5838",1981-01-01,2005-08-23,2005-08-24,2019-12-31
"us5839",1981-01-01,2005-01-20,2005-01-21,2019-12-31
"us5840",1981-01-01,2005-09-06,2005-09-07,2019-12-31
"us5841",1981-01-01,2005-09-06,2005-09-07,2019-12-31
"us5842",1981-01-01,2005-05-31,2005-06-01,2019-12-31
"us5843",1981-01-01,2005-11-20,2005-11-21,2019-12-31
"us5844",1981-01-01,2005-10-10,2005-10-11,2019-12-31
"us5847",1981-01-01,2014-05-21,2014-05-22,2019-12-31
"us5880",1981-01-01,2003-01-30,2003-01-31,2019-12-31
"us5902",1981-01-01,2010-05-23,2010-05-24,2019-12-31
"us5952",1981-01-01,2009-05-18,2009-05-19,2019-12-31
"us5955",1981-01-01,2013-03-29,2013-03-30,2019-12-31
"us5964",1981-01-01,2016-06-06,2016-06-07,2019-12-31
"us5965",1981-01-01,2012-07-09,2012-07-10,2019-12-31
"us6009",1981-01-01,2005-08-10,2005-08-11,2019-12-31
"us6012",1981-01-01,2016-11-28,2016-11-29,2019-12-31
"us6050",1981-01-01,2005-11-15,2005-11-16,2019-12-31
"us6077",1981-01-01,2005-10-18,2005-10-19,2019-12-31
"us6087",1981-01-01,2002-12-11,2002-12-12,2019-12-31
"us6091",1981-01-01,2014-04-13,2014-04-14,2019-12-31
"us6098",1981-01-01,2016-05-09,2016-05-10,2019-12-31
"us6099",1981-01-01,2013-12-03,2013-12-04,2019-12-31
"us6113",1981-01-01,2006-08-08,2006-08-09,2019-12-31
"us6122",1981-01-01,2007-12-02,2007-12-03,2019-12-31
"us6124",1981-01-01,2013-02-12,2013-02-13,2019-12-31
"us6128",1981-01-01,2007-12-12,2007-12-13,2019-12-31
"us6147",1981-01-01,2016-07-13,2016-07-14,2019-12-31
"us6155",1981-01-01,2015-01-26,2015-01-27,2019-12-31
"us6340",1981-01-01,2004-07-13,2004-07-14,2019-12-31
"us6342",1981-01-01,2002-04-16,2002-04-17,2019-12-31
"us6379",1981-01-01,2005-04-18,2005-04-19,2019-12-31
"us6390",1981-01-01,2002-02-11,2002-02-12,2019-12-31
"us6401",1981-01-01,1995-01-24,1995-01-25,2019-12-31
"us6403",1981-01-01,1997-03-27,1997-03-28,2019-12-31
"us6416",1981-01-01,2017-08-08,2017-08-09,2019-12-31
"us6494",1981-01-01,2002-11-06,2002-11-07,2019-12-31
"us6559",1981-01-01,2002-12-09,2002-12-10,2019-12-31
"us6598",1981-01-01,2012-05-28,2012-05-29,2019-12-31
"us6604",1981-01-01,2013-11-19,2013-11-20,2019-12-31
"us6606",1981-01-01,2014-09-24,2014-09-25,2019-12-31
"us6620",1981-01-01,2009-01-19,2009-01-20,2019-12-31
"us6636",1981-01-01,2007-06-13,2007-06-14,2019-12-31
"us6643",1981-01-01,2013-01-13,2013-01-14,2019-12-31
"us6659",1981-01-01,2009-11-03,2009-11-04,2019-12-31
"us6678",1981-01-01,2014-07-15,2014-07-16,2019-12-31
"us6681",1981-01-01,2013-10-21,2013-10-22,2019-12-31
"us6687",1981-01-01,2008-05-19,2008-05-20,2019-12-31
"us6691",1981-01-01,2008-11-24,2008-11-25,2019-12-31
"us6696",1981-01-01,2011-02-14,2011-02-15,2019-12-31
"us6697",1981-01-01,2013-02-11,2013-02-12,2019-12-31
"us6698",1981-01-01,2014-11-03,2014-11-04,2019-12-31
"us6699",1981-01-01,2013-12-02,2013-12-03,2019-12-31
"us6702",1981-01-01,2013-06-12,2013-06-13,2019-12-31
"us6729",1981-01-01,2011-12-05,2011-12-06,2019-12-31
"us6731",1981-01-01,2014-05-05,2014-05-06,2019-12-31
"us6767",1981-01-01,2013-11-11,2013-11-12,2019-12-31
"us6769",1981-01-01,2012-11-06,2012-11-07,2019-12-31
"us6776",1981-01-01,2012-09-05,2012-09-06,2019-12-31
"us6791",1981-01-01,2013-10-30,2013-10-31,2019-12-31
"us6798",1981-01-01,2013-08-19,2013-08-20,2019-12-31
"us6810",1981-01-01,2012-09-24,2012-09-25,2019-12-31
"us6812",1981-01-01,2008-09-02,2008-09-03,2019-12-31
"us6818",1981-01-01,2016-10-02,2016-10-03,2019-12-31
"us6820",1981-01-01,2013-05-19,2013-05-20,2019-12-31
"us6860",1981-01-01,2009-08-26,2009-08-27,2019-12-31
"us6862",1981-01-01,2011-09-13,2011-09-14,2019-12-31
"us6865",1981-01-01,2012-03-11,2012-03-12,2019-12-31
"us6867",1981-01-01,2012-05-16,2012-05-17,2019-12-31
"us6869",1981-01-01,2010-05-19,2010-05-20,2019-12-31
"us6871",1981-01-01,2009-07-07,2009-07-08,2019-12-31
"us6872",1981-01-01,2009-12-21,2009-12-22,2019-12-31
"us6875",1981-01-01,2011-10-18,2011-10-19,2019-12-31
"us6876",1981-01-01,2009-09-29,2009-09-30,2019-12-31
"us6877",1981-01-01,2013-04-22,2013-04-23,2019-12-31
"us6923",1981-01-01,2007-04-09,2007-04-10,2019-12-31
"us6928",1981-01-01,2012-04-01,2012-04-02,2019-12-31
"us6937",1981-01-01,2003-12-10,2003-12-11,2019-12-31
"us6943",1981-01-01,2001-11-13,2001-11-14,2019-12-31
"us6946",1981-01-01,2009-04-29,2009-04-30,2019-12-31
"us6949",1981-01-01,2015-11-12,2015-11-13,2019-12-31
"us6998",1981-01-01,2013-12-11,2013-12-12,2019-12-31
"us6999",1981-01-01,2012-10-29,2012-10-30,2019-12-31
"us7016",1981-01-01,2003-11-23,2003-11-24,2019-12-31
"us7028",1981-01-01,2006-05-03,2006-05-04,2019-12-31
"us7053",1981-01-01,2010-09-28,2010-09-29,2019-12-31
"us7101",1981-01-01,2004-08-30,2004-08-31,2019-12-31
"us7107",1981-01-01,2009-03-09,2009-03-10,2019-12-31
"us7113",1981-01-01,2005-08-30,2005-08-31,2019-12-31
"us7121",1981-01-01,2017-03-27,2017-03-28,2019-12-31
"us7125",1981-01-01,1999-11-29,1999-11-30,2019-12-31
"us7126",1981-01-01,2009-08-17,2009-08-18,2019-12-31
"us7204",1981-01-01,2015-01-12,2015-01-13,2019-12-31
"us7230",1981-01-01,2016-08-15,2016-08-16,2019-12-31
"us7232",1981-01-01,2015-06-08,2015-06-09,2019-12-31
"us7233",1981-01-01,2005-03-21,2005-03-22,2019-12-31
"us7370",1981-01-01,2011-07-06,2011-07-07,2019-12-31
"us7403",1981-01-01,2012-06-07,2012-06-08,2019-12-31
"us7405",1981-01-01,2014-03-16,2014-03-17,2019-12-31
"us7406",1981-01-01,2013-11-11,2013-11-12,2019-12-31
"us7408",1981-01-01,2013-11-11,2013-11-12,2019-12-31
"us7409",1981-01-01,2008-06-01,2008-06-02,2019-12-31
"us7411",1981-01-01,2008-03-05,2008-03-06,2019-12-31
"us7446",1981-01-01,2017-10-23,2017-10-24,2019-12-31
"us7560",1981-01-01,2013-12-18,2013-12-19,2019-12-31
"us7685",1981-01-01,2005-01-03,2005-01-04,2019-12-31
"us7833",1981-01-01,2002-09-04,2002-09-05,2019-12-31
"us7844",1981-01-01,2003-07-09,2003-07-10,2019-12-31
"us8236",1981-01-01,2016-11-20,2016-11-21,2019-12-31
"us8312",1981-01-01,2007-02-08,2007-02-09,2019-12-31
"us8531",1981-01-01,2015-04-26,2015-04-27,2019-12-31
"us8570",1981-01-01,2017-08-07,2017-08-08,2019-12-31
"us8577",1981-01-01,2016-07-12,2016-07-13,2019-12-31
"us8595",1981-01-01,2015-11-03,2015-11-04,2019-12-31
"us8645",1981-01-01,2006-09-12,2006-09-13,2019-12-31
"us8647",1981-01-01,2010-07-22,2010-07-23,2019-12-31
"us8869",1981-01-01,2014-12-16,2014-12-17,2019-12-31
"us8924",1981-01-01,2015-09-21,2015-09-22,2019-12-31
"us8928",1981-01-01,2012-06-18,2012-06-19,2019-12-31
"us8929",1981-01-01,2011-02-01,2011-02-02,2019-12-31
"us8930",1981-01-01,2006-06-18,2006-06-19,2019-12-31
"us8931",1981-01-01,2017-04-09,2017-04-10,2019-12-31
"us8933",1981-01-01,2011-05-16,2011-05-17,2019-12-31
"us8947",1981-01-01,2013-03-24,2013-03-25,2019-12-31
"us9062",1981-01-01,2012-10-10,2012-10-11,2019-12-31
"us9066",1981-01-01,2015-10-06,2015-10-07,2019-12-31
"la4",1981-01-01,2005-05-08,2005-05-09,2019-12-31
"la9",1981-01-01,2012-09-05,2012-09-06,2019-12-31
"la13",1981-01-01,2012-09-30,2012-10-01,2019-12-31
"la19",1981-01-01,2012-06-20,2012-06-21,2019-12-31
"la32",1981-01-01,2012-07-31,2012-08-01,2019-12-31
"la35",1981-01-01,2004-11-22,2004-11-23,2019-12-31
"la39",1981-01-01,2006-02-22,2006-02-23,2019-12-31
"la40",1981-01-01,2013-08-04,2013-08-05,2019-12-31
"la42",1981-01-01,2006-02-15,2006-02-16,2019-12-31
"la51",1981-01-01,2012-06-04,2012-06-05,2019-12-31
"la57",1981-01-01,2006-02-19,2006-02-20,2019-12-31
"la63",1981-01-01,2001-11-18,2001-11-19,2019-12-31
"la65",1981-01-01,2006-02-15,2006-02-16,2019-12-31
"la66",1981-01-01,2004-01-21,2004-01-22,2019-12-31
"la71",1981-01-01,2004-02-03,2004-02-04,2019-12-31
"la72",1981-01-01,2006-02-07,2006-02-08,2019-12-31
"la74",1981-01-01,2004-01-11,2004-01-12,2019-12-31
"la77",1981-01-01,2001-10-16,2001-10-17,2019-12-31
"la82",1981-01-01,2004-03-03,2004-03-04,2019-12-31
"la84",1981-01-01,2002-01-23,2002-01-24,2019-12-31
"la91",1981-01-01,2006-01-09,2006-01-10,2019-12-31
"la95",1981-01-01,2004-03-08,2004-03-09,2019-12-31
"la96",1981-01-01,2004-01-06,2004-01-07,2019-12-31
"la103",1981-01-01,2003-11-25,2003-11-26,2019-12-31
"la105",1981-01-01,2006-10-29,2006-10-30,2019-12-31
"la108",1981-01-01,2011-07-31,2011-08-01,2019-12-31
"la117",1981-01-01,2001-09-30,2001-10-01,2019-12-31
"la126",1981-01-01,2004-04-05,2004-04-06,2019-12-31
"la128",1981-01-01,2012-06-20,2012-06-21,2019-12-31
"la129",1981-01-01,2004-02-09,2004-02-10,2019-12-31
"la130",1981-01-01,2004-04-04,2004-04-05,2019-12-31
"la131",1981-01-01,2016-08-06,2016-08-07,2019-12-31
"la133",1981-01-01,2012-04-18,2012-04-19,2019-12-31
"la135",1981-01-01,2004-02-09,2004-02-10,2019-12-31
"la137",1981-01-01,2001-10-01,2001-10-02,2019-12-31
"la142",1981-01-01,2004-10-12,2004-10-13,2019-12-31
"la147",1981-01-01,2011-02-09,2011-02-10,2019-12-31
"la149",1981-01-01,2012-08-18,2012-08-19,2019-12-31
"la152",1981-01-01,2006-01-10,2006-01-11,2019-12-31
"la154",1981-01-01,2001-06-19,2001-06-20,2019-12-31
"la162",1981-01-01,2004-06-08,2004-06-09,2019-12-31
"la167",1981-01-01,2003-09-22,2003-09-23,2019-12-31
"la179",1981-01-01,2008-12-02,2008-12-03,2019-12-31
"la182",1981-01-01,2007-08-08,2007-08-09,2019-12-31
"la184",1981-01-01,2001-06-10,2001-06-11,2019-12-31
"la204",1981-01-01,2005-11-28,2005-11-29,2019-12-31
"la206",1981-01-01,2005-10-18,2005-10-19,2019-12-31
"la207",1981-01-01,2001-05-21,2001-05-22,2019-12-31
"la211",1981-01-01,2001-04-18,2001-04-19,2019-12-31
"la218",1981-01-01,2004-04-14,2004-04-15,2019-12-31
"la224",1981-01-01,2003-08-27,2003-08-28,2019-12-31
"la225",1981-01-01,2001-04-18,2001-04-19,2019-12-31
"la227",1981-01-01,2012-01-25,2012-01-26,2019-12-31
"la228",1981-01-01,2002-03-26,2002-03-27,2019-12-31
"la231",1981-01-01,2001-06-10,2001-06-11,2019-12-31
"la233",1981-01-01,2003-09-15,2003-09-16,2019-12-31
"la234",1981-01-01,2001-05-15,2001-05-16,2019-12-31
"la236",1981-01-01,2001-06-10,2001-06-11,2019-12-31
"la237",1981-01-01,2001-06-10,2001-06-11,2019-12-31
"la239",1981-01-01,2012-04-25,2012-04-26,2019-12-31
"la243",1981-01-01,2012-02-28,2012-02-29,2019-12-31
"la248",1981-01-01,2004-01-27,2004-01-28,2019-12-31
"la250",1981-01-01,2006-03-27,2006-03-28,2019-12-31
"la251",1981-01-01,2006-03-27,2006-03-28,2019-12-31
"la252",1981-01-01,2001-09-04,2001-09-05,2019-12-31
"la253",1981-01-01,2004-01-28,2004-01-29,2019-12-31
"la254",1981-01-01,2014-06-15,2014-06-16,2019-12-31
"la263",1981-01-01,2003-08-18,2003-08-19,2019-12-31
"la264",1981-01-01,2005-10-09,2005-10-10,2019-12-31
"la280",1981-01-01,2003-10-13,2003-10-14,2019-12-31
"la281",1981-01-01,2003-08-18,2003-08-19,2019-12-31
"la287",1981-01-01,2005-02-28,2005-03-01,2019-12-31
"la291",1981-01-01,2003-09-21,2003-09-22,2019-12-31
"la293",1981-01-01,2006-01-24,2006-01-25,2019-12-31
"la297",1981-01-01,2006-01-18,2006-01-19,2019-12-31
"la300",1981-01-01,2012-02-12,2012-02-13,2019-12-31
"la307",1981-01-01,2004-04-13,2004-04-14,2019-12-31
"la311",1981-01-01,2004-03-17,2004-03-18,2019-12-31
"la317",1981-01-01,2003-05-12,2003-05-13,2019-12-31
"la320",1981-01-01,2004-03-17,2004-03-18,2019-12-31
"la323",1981-01-01,2014-04-15,2014-04-16,2019-12-31
"la332",1981-01-01,2004-03-28,2004-03-29,2019-12-31
"la333",1981-01-01,2001-10-17,2001-10-18,2019-12-31
"la336",1981-01-01,2004-03-23,2004-03-24,2019-12-31
"la339",1981-01-01,2004-03-23,2004-03-24,2019-12-31
"la343",1981-01-01,2006-01-25,2006-01-26,2019-12-31
"la351",1981-01-01,2011-09-04,2011-09-05,2019-12-31
"la358",1981-01-01,2002-01-23,2002-01-24,2019-12-31
"la359",1981-01-01,2004-03-16,2004-03-17,2019-12-31
"la360",1981-01-01,2001-12-17,2001-12-18,2019-12-31
"la364",1981-01-01,2001-12-17,2001-12-18,2019-12-31
"la368",1981-01-01,2004-04-12,2004-04-13,2019-12-31
"la370",1981-01-01,2001-12-12,2001-12-13,2019-12-31
"la371",1981-01-01,2012-06-03,2012-06-04,2019-12-31
"la372",1981-01-01,2012-08-05,2012-08-06,2019-12-31
"la378",1981-01-01,2006-03-27,2006-03-28,2019-12-31
"la383",1981-01-01,2015-07-16,2015-07-17,2019-12-31
"la384",1981-01-01,2017-01-26,2017-01-27,2019-12-31
"la389",1981-01-01,2012-07-15,2012-07-16,2019-12-31
"la393",1981-01-01,2011-12-04,2011-12-05,2019-12-31
"la399",1981-01-01,2012-05-21,2012-05-22,2019-12-31
"la403",1981-01-01,2006-01-30,2006-01-31,2019-12-31
"la404",1981-01-01,2001-12-18,2001-12-19,2019-12-31
"la407",1981-01-01,2001-12-18,2001-12-19,2019-12-31
"la412",1981-01-01,2005-04-20,2005-04-21,2019-12-31
"la423",1981-01-01,2005-07-24,2005-07-25,2019-12-31
"la426",1981-01-01,2012-02-01,2012-02-02,2019-12-31
"la434",1981-01-01,2012-10-13,2012-10-14,2019-12-31
"la440",1981-01-01,2012-08-21,2012-08-22,2019-12-31
"la444",1981-01-01,2012-12-05,2012-12-06,2019-12-31
"la446",1981-01-01,2003-08-23,2003-08-24,2019-12-31
"la452",1981-01-01,2003-05-26,2003-05-27,2019-12-31
"la454",1981-01-01,2004-02-24,2004-02-25,2019-12-31
"la456",1981-01-01,2003-10-06,2003-10-07,2019-12-31
"la463",1981-01-01,2014-01-11,2014-01-12,2019-12-31
"la465",1981-01-01,2003-02-24,2003-02-25,2019-12-31
"la467",1981-01-01,2001-10-20,2001-10-21,2019-12-31
"la468",1981-01-01,2010-11-03,2010-11-04,2019-12-31
"la470",1981-01-01,2006-05-21,2006-05-22,2019-12-31
"la474",1981-01-01,2004-03-07,2004-03-08,2019-12-31
"la476",1981-01-01,2006-02-05,2006-02-06,2019-12-31
"la479",1981-01-01,2006-01-08,2006-01-09,2019-12-31
"la481",1981-01-01,2012-04-29,2012-04-30,2019-12-31
"la484",1981-01-01,2004-02-01,2004-02-02,2019-12-31
"la487",1981-01-01,2004-11-21,2004-11-22,2019-12-31
"la494",1981-01-01,2004-03-28,2004-03-29,2019-12-31
"la499",1981-01-01,2004-01-28,2004-01-29,2019-12-31
"la503",1981-01-01,2002-07-14,2002-07-15,2019-12-31
"la504",1981-01-01,2017-02-14,2017-02-15,2019-12-31
"la505",1981-01-01,2001-11-05,2001-11-06,2019-12-31
"la507",1981-01-01,2004-02-18,2004-02-19,2019-12-31
"la519",1981-01-01,2012-07-16,2012-07-17,2019-12-31
"la524",1981-01-01,2004-01-12,2004-01-13,2019-12-31
"la527",1981-01-01,2004-01-12,2004-01-13,2019-12-31
"la534",1981-01-01,2006-02-14,2006-02-15,2019-12-31
"la537",1981-01-01,2004-01-13,2004-01-14,2019-12-31
"la541",1981-01-01,2003-11-11,2003-11-12,2019-12-31
"la557",1981-01-01,2003-11-16,2003-11-17,2019-12-31
"la558",1981-01-01,2005-11-09,2005-11-10,2019-12-31
"la569",1981-01-01,2002-05-06,2002-05-07,2019-12-31
"la570",1981-01-01,2012-06-03,2012-06-04,2019-12-31
"la571",1981-01-01,2004-11-10,2004-11-11,2019-12-31
"la581",1981-01-01,2016-07-04,2016-07-05,2019-12-31
"la582",1981-01-01,2003-12-02,2003-12-03,2019-12-31
"la588",1981-01-01,2005-12-11,2005-12-12,2019-12-31
"la590",1981-01-01,2001-10-01,2001-10-02,2019-12-31
"la597",1981-01-01,2012-05-01,2012-05-02,2019-12-31
"la598",1981-01-01,2001-01-15,2001-01-16,2019-12-31
"la602",1981-01-01,2012-09-02,2012-09-03,2019-12-31
"la605",1981-01-01,2003-11-30,2003-12-01,2019-12-31
"la607",1981-01-01,2001-09-30,2001-10-01,2019-12-31
"la609",1981-01-01,2012-04-01,2012-04-02,2019-12-31
"la611",1981-01-01,2007-09-11,2007-09-12,2019-12-31
"la612",1981-01-01,2007-11-19,2007-11-20,2019-12-31
"la613",1981-01-01,2015-09-28,2015-09-29,2019-12-31
"la614",1981-01-01,2007-05-08,2007-05-09,2019-12-31
"la616",1981-01-01,2017-07-19,2017-07-20,2019-12-31
"la617",1981-01-01,2013-12-15,2013-12-16,2019-12-31
"la619",1981-01-01,2008-06-15,2008-06-16,2019-12-31
"la620",1981-01-01,2007-07-03,2007-07-04,2019-12-31
"la629",1981-01-01,2007-07-31,2007-08-01,2019-12-31
"la632",1981-01-01,2007-07-30,2007-07-31,2019-12-31
"la638",1981-01-01,2007-11-05,2007-11-06,2019-12-31
"la643",1981-01-01,2009-02-24,2009-02-25,2019-12-31
"la649",1981-01-01,2016-10-19,2016-10-20,2019-12-31
"la656",1981-01-01,2007-04-03,2007-04-04,2019-12-31
"la658",1981-01-01,2007-07-17,2007-07-18,2019-12-31
"la663",1981-01-01,2016-08-03,2016-08-04,2019-12-31
"la664",1981-01-01,2007-04-22,2007-04-23,2019-12-31
"la666",1981-01-01,2007-06-03,2007-06-04,2019-12-31
"la669",1981-01-01,2013-09-24,2013-09-25,2019-12-31
"la674",1981-01-01,2007-07-17,2007-07-18,2019-12-31
"la681",1981-01-01,2007-07-16,2007-07-17,2019-12-31
"la684",1981-01-01,2007-07-31,2007-08-01,2019-12-31
"la686",1981-01-01,2014-08-05,2014-08-06,2019-12-31
"la688",1981-01-01,2016-03-20,2016-03-21,2019-12-31
"la689",1981-01-01,2016-09-20,2016-09-21,2019-12-31
"la690",1981-01-01,2016-08-21,2016-08-22,2019-12-31
"la691",1981-01-01,2007-03-11,2007-03-12,2019-12-31
"la693",1981-01-01,2016-01-19,2016-01-20,2019-12-31
"la697",1981-01-01,2016-10-17,2016-10-18,2019-12-31
"la698",1981-01-01,2016-08-28,2016-08-29,2019-12-31
"la701",1981-01-01,2016-10-04,2016-10-05,2019-12-31
"la702",1981-01-01,2007-07-01,2007-07-02,2019-12-31
"la703",1981-01-01,2016-08-31,2016-09-01,2019-12-31
"la708",1981-01-01,2007-06-19,2007-06-20,2019-12-31
"la710",1981-01-01,2012-08-12,2012-08-13,2019-12-31
"la711",1981-01-01,2007-06-04,2007-06-05,2019-12-31
"la713",1981-01-01,2007-07-01,2007-07-02,2019-12-31
"la714",1981-01-01,2009-12-01,2009-12-02,2019-12-31
"la716",1981-01-01,2012-06-26,2012-06-27,2019-12-31
"la721",1981-01-01,2013-01-27,2013-01-28,2019-12-31
"la723",1981-01-01,2007-07-29,2007-07-30,2019-12-31
"la728",1981-01-01,2004-01-19,2004-01-20,2019-12-31
"la730",1981-01-01,2004-06-07,2004-06-08,2019-12-31
"la736",1981-01-01,2003-02-02,2003-02-03,2019-12-31
"la737",1981-01-01,2012-07-02,2012-07-03,2019-12-31
"la738",1981-01-01,2010-12-06,2010-12-07,2019-12-31
"la739",1981-01-01,2014-01-21,2014-01-22,2019-12-31
"la744",1981-01-01,2010-03-16,2010-03-17,2019-12-31
"la748",1981-01-01,2012-02-14,2012-02-15,2019-12-31
"la755",1981-01-01,2006-03-14,2006-03-15,2019-12-31
"la757",1981-01-01,2011-03-14,2011-03-15,2019-12-31
"la761",1981-01-01,2011-03-14,2011-03-15,2019-12-31
"la764",1981-01-01,2014-11-18,2014-11-19,2019-12-31
"la766",1981-01-01,2013-07-29,2013-07-30,2019-12-31
"la780",1981-01-01,2011-08-01,2011-08-02,2019-12-31
"la787",1981-01-01,2009-04-07,2009-04-08,2019-12-31
"la788",1981-01-01,2011-06-05,2011-06-06,2019-12-31
"la789",1981-01-01,2009-09-06,2009-09-07,2019-12-31
"la791",1981-01-01,2006-03-27,2006-03-28,2019-12-31
"la792",1981-01-01,2011-12-20,2011-12-21,2019-12-31
"la816",1981-01-01,2014-05-18,2014-05-19,2019-12-31
"la821",1981-01-01,2004-02-15,2004-02-16,2019-12-31
"la853",1981-01-01,2005-09-12,2005-09-13,2019-12-31
"la857",1981-01-01,2012-06-03,2012-06-04,2019-12-31
